Workbook

Sheet 图表
A1: =TODAY() -> 46096
B2: 持仓情况 | C2: 入手价格 | D2: 入手时间 | E2: 持仓天数 | F2: 目前价格 | G2: 盈亏
B3: 电棍 | C3: 3980 | D3: 46044 | E3: =-(D3-$A$1) -> 52 | F3: =IFERROR(_xlfn.XLOOKUP(B3,弹性!B:B,弹性!D:D),"") -> 5100 | G3: =F3-C3 -> 1120
B4: 龙骑 | C4: 1898 | D4: 46035 | E4: =-(D4-$A$1) -> 61 | F4: =IFERROR(_xlfn.XLOOKUP(B4,弹性!B:B,弹性!D:D),"") -> 1890 | G4: =F4-C4 -> -8
B5: 斧王 | C5: 1800 | D5: 46044 | E5: =-(D5-$A$1) -> 52 | F5: =IFERROR(_xlfn.XLOOKUP(B5,弹性!B:B,弹性!D:D),"") -> 1819 | G5: =F5-C5 -> 19
B6: 海民 | C6: 1995 | D6: 46058 | E6: =-(D6-$A$1) -> 38 | F6: =IFERROR(_xlfn.XLOOKUP(B6,弹性!B:B,弹性!D:D),"") -> 1800 | G6: =F6-C6 -> -195
B7: 先知 | C7: 2535 | D7: 46058 | E7: =-(D7-$A$1) -> 38 | F7: =IFERROR(_xlfn.XLOOKUP(B7,弹性!B:B,弹性!D:D),"") -> 2595 | G7: =F7-C7 -> 60
B9: 仓位 | C9: =SUM(C3:C7) -> 12208
B10: 目前市场价 | C10: =SUM(F3:F7) -> 13204
B11: 总盈亏 | C11: =C10-C9 -> 996
B12: 收益 | C12: =C11/C9 -> 0.081585845
B13: 月收益 | C13: =C12/(AVERAGE(E3:E5)/30) -> 0.04450137

Sheet 弹性
B2: 英雄 | C2: 部位 | D2: 目前价格 | E2: 目前数量 | F2: 上期价格 | G2: 上期数量 | H2: 最低价格 | I2: 最低数量 | J2: 最高价格 | K2: 最高数量 | L2: 波动 | M2: 价格同比 | N2: 数量同比 | O2: 同比弹性 | P2: 同比评价 | Q2: 价格环比 | R2: 数量环比 | S2: 环比弹性 | T2: 环比评价 | U2: 最低
B3: 电棍 | C3: 头 | D3: {=_xlfn.LET(_xlpm.key,$B3&"|"&$C3,_xlpm.kdb,价格数据库!$A$3:$A$2000&"|"&价格数据库!$B$3:$B$2000,_xlpm.r,_xlfn.XMATCH(_xlpm.key,_xlpm.kdb,0),_xlpm.row,INDEX(价格数据库!$C$3:$ZZ$2000,_xlpm.r,0),_xlpm.n,INT(COLUMNS(_xlpm.row)/2),_xlpm.p,_xlfn.CHOOSECOLS(_xlpm.row,_xlfn.SEQUENCE(,_xlpm.n,1,2)),IFERROR(LOOKUP(2,1/(_xlpm.p<>""),_xlpm.p),""))} -> 5100 | E3: {=_xlfn.LET(_xlpm.key,$B3&"|"&$C3,_xlpm.kdb,价格数据库!$A$3:$A$2000&"|"&价格数据库!$B$3:$B$2000,_xlpm.r,_xlfn.XMATCH(_xlpm.key,_xlpm.kdb,0),_xlpm.row,INDEX(价格数据库!$C$3:$ZZ$2000,_xlpm.r,0),_xlpm.n,INT(COLUMNS(_xlpm.row)/2),_xlpm.p,_xlfn.CHOOSECOLS(_xlpm.row,_xlfn.SEQUENCE(,_xlpm.n,1,2)),_xlpm.q,_xlfn.CHOOSECOLS(_xlpm.row,_xlfn.SEQUENCE(,_xlpm.n,2,2)),_xlpm.lp,IFERROR(LOOKUP(2,1/(_xlpm.p<>""),_xlpm.p),""),IF(_xlpm.lp="","",INDEX(_xlpm.q,_xlfn.XMATCH(_xlpm.lp,_xlpm.p,0,-1))))} -> 15 | F3: {=_xlfn.LET(_xlpm.key,$B3&"|"&$C3,_xlpm.kdb,价格数据库!$A:$A&"|"&价格数据库!$B:$B,_xlpm.r,_xlfn.XMATCH(_xlpm.key,_xlpm.kdb,0),_xlpm.row,INDEX(价格数据库!$C:$ZZ,_xlpm.r,0),_xlpm.n,INT(COLUMNS(_xlpm.row)/2),_xlpm.p,_xlfn.CHOOSECOLS(_xlpm.row,_xlfn.SEQUENCE(,_xlpm.n,1,2)),_xlpm.pos,_xlfn._xlws.FILTER(_xlfn.SEQUENCE(,COLUMNS(_xlpm.p)),_xlpm.p<>""),IFERROR(INDEX(_xlpm.p,1,INDEX(_xlpm.pos,1,COLUMNS(_xlpm.pos)-1)),""))} -> 5278 | G3: {=_xlfn.LET(_xlpm.key,$B3&"|"&$C3,_xlpm.kdb,价格数据库!$A:$A&"|"&价格数据库!$B:$B,_xlpm.r,_xlfn.XMATCH(_xlpm.key,_xlpm.kdb,0),_xlpm.row,INDEX(价格数据库!$C:$ZZ,_xlpm.r,0),_xlpm.n,INT(COLUMNS(_xlpm.row)/2),_xlpm.q,_xlfn.CHOOSECOLS(_xlpm.row,_xlfn.SEQUENCE(,_xlpm.n,2,2)),_xlpm.pos,_xlfn._xlws.FILTER(_xlfn.SEQUENCE(,COLUMNS(_xlpm.q)),_xlpm.q<>""),IFERROR(INDEX(_xlpm.q,1,INDEX(_xlpm.pos,1,COLUMNS(_xlpm.pos)-1)),""))} -> 16 | H3: {=_xlfn.LET(_xlpm.key,$B3&"|"&$C3,_xlpm.kdb,价格数据库!$A$3:$A$2000&"|"&价格数据库!$B$3:$B$2000,_xlpm.r,_xlfn.XMATCH(_xlpm.key,_xlpm.kdb,0),_xlpm.row,INDEX(价格数据库!$C$3:$ZZ$2000,_xlpm.r,0),_xlpm.n,INT(COLUMNS(_xlpm.row)/2),_xlpm.p,_xlfn.CHOOSECOLS(_xlpm.row,_xlfn.SEQUENCE(,_xlpm.n,1,2)),IFERROR(MIN(_xlfn._xlws.FILTER(_xlpm.p,_xlpm.p<>"")),""))} -> 3997 | I3: {=_xlfn.LET(_xlpm.key,$B3&"|"&$C3,_xlpm.kdb,价格数据库!$A$3:$A$2000&"|"&价格数据库!$B$3:$B$2000,_xlpm.r,_xlfn.XMATCH(_xlpm.key,_xlpm.kdb,0),_xlpm.row,INDEX(价格数据库!$C$3:$ZZ$2000,_xlpm.r,0),_xlpm.n,INT(COLUMNS(_xlpm.row)/2),_xlpm.p,_xlfn.CHOOSECOLS(_xlpm.row,_xlfn.SEQUENCE(,_xlpm.n,1,2)),_xlpm.q,_xlfn.CHOOSECOLS(_xlpm.row,_xlfn.SEQUENCE(,_xlpm.n,2,2)),_xlpm.mp,IFERROR(MIN(_xlfn._xlws.FILTER(_xlpm.p,_xlpm.p<>"")),""),IF(_xlpm.mp="","",INDEX(_xlpm.q,_xlfn.XMATCH(_xlpm.mp,_xlpm.p,0,-1))))} -> 20 | J3: {=_xlfn.LET(_xlpm.key,$B3&"|"&$C3,_xlpm.kdb,价格数据库!$A$3:$A$2000&"|"&价格数据库!$B$3:$B$2000,_xlpm.r,_xlfn.XMATCH(_xlpm.key,_xlpm.kdb,0),_xlpm.row,INDEX(价格数据库!$C$3:$ZZ$2000,_xlpm.r,0),_xlpm.n,INT(COLUMNS(_xlpm.row)/2),_xlpm.p,_xlfn.CHOOSECOLS(_xlpm.row,_xlfn.SEQUENCE(,_xlpm.n,1,2)),IFERROR(MAX(_xlfn._xlws.FILTER(_xlpm.p,_xlpm.p<>"")),""))} -> 5998 | K3: {=_xlfn.LET(_xlpm.key,$B3&"|"&$C3,_xlpm.kdb,价格数据库!$A$3:$A$2000&"|"&价格数据库!$B$3:$B$2000,_xlpm.r,_xlfn.XMATCH(_xlpm.key,_xlpm.kdb,0),_xlpm.row,INDEX(价格数据库!$C$3:$ZZ$2000,_xlpm.r,0),_xlpm.n,INT(COLUMNS(_xlpm.row)/2),_xlpm.p,_xlfn.CHOOSECOLS(_xlpm.row,_xlfn.SEQUENCE(,_xlpm.n,1,2)),_xlpm.q,_xlfn.CHOOSECOLS(_xlpm.row,_xlfn.SEQUENCE(,_xlpm.n,2,2)),_xlpm.mx,IFERROR(MAX(_xlfn._xlws.FILTER(_xlpm.p,_xlpm.p<>"")),""),IF(_xlpm.mx="","",INDEX(_xlpm.q,_xlfn.XMATCH(_xlpm.mx,_xlpm.p,0,-1))))} -> 14 | L3: =J3-H3 -> 2001 | M3: =(D3-H3)/H3 -> 0.27595697 | N3: =(E3-I3)/I3 -> -0.25 | O3: =IFERROR(N3/M3,"") -> -0.90593835 | P3: =IF(O3="","",IF(O3>0,"只卖不买",IF(O3>-0.3,"只卖不买",IF(O3>=-1.5,"交易区",IF(O3>=-2.5,"谨慎","危险盘"))))) -> 交易区 | Q3: =(D3-F3)/F3 -> -0.033724896 | R3: =(E3-G3)/G3 -> -0.0625 | S3: =IFERROR(R3/Q3,"") -> 1.8532303 | T3: =IF(S3="","",IF(S3>0,"只卖不买",IF(S3>-0.3,"只卖不买",IF(S3>=-1.5,"交易区",IF(S3>=-2.5,"谨慎","危险盘"))))) -> 只卖不买 | U3: =IF(D3=H3,"历史最低","")
B4: 火女 | C4: 头 | D4: {=_xlfn.LET(_xlpm.key,$B4&"|"&$C4,_xlpm.kdb,价格数据库!$A$3:$A$2000&"|"&价格数据库!$B$3:$B$2000,_xlpm.r,_xlfn.XMATCH(_xlpm.key,_xlpm.kdb,0),_xlpm.row,INDEX(价格数据库!$C$3:$ZZ$2000,_xlpm.r,0),_xlpm.n,INT(COLUMNS(_xlpm.row)/2),_xlpm.p,_xlfn.CHOOSECOLS(_xlpm.row,_xlfn.SEQUENCE(,_xlpm.n,1,2)),IFERROR(LOOKUP(2,1/(_xlpm.p<>""),_xlpm.p),""))} -> 1885 | E4: {=_xlfn.LET(_xlpm.key,$B4&"|"&$C4,_xlpm.kdb,价格数据库!$A$3:$A$2000&"|"&价格数据库!$B$3:$B$2000,_xlpm.r,_xlfn.XMATCH(_xlpm.key,_xlpm.kdb,0),_xlpm.row,INDEX(价格数据库!$C$3:$ZZ$2000,_xlpm.r,0),_xlpm.n,INT(COLUMNS(_xlpm.row)/2),_xlpm.p,_xlfn.CHOOSECOLS(_xlpm.row,_xlfn.SEQUENCE(,_xlpm.n,1,2)),_xlpm.q,_xlfn.CHOOSECOLS(_xlpm.row,_xlfn.SEQUENCE(,_xlpm.n,2,2)),_xlpm.lp,IFERROR(LOOKUP(2,1/(_xlpm.p<>""),_xlpm.p),""),IF(_xlpm.lp="","",INDEX(_xlpm.q,_xlfn.XMATCH(_xlpm.lp,_xlpm.p,0,-1))))} -> 44 | F4: {=_xlfn.LET(_xlpm.key,$B4&"|"&$C4,_xlpm.kdb,价格数据库!$A:$A&"|"&价格数据库!$B:$B,_xlpm.r,_xlfn.XMATCH(_xlpm.key,_xlpm.kdb,0),_xlpm.row,INDEX(价格数据库!$C:$ZZ,_xlpm.r,0),_xlpm.n,INT(COLUMNS(_xlpm.row)/2),_xlpm.p,_xlfn.CHOOSECOLS(_xlpm.row,_xlfn.SEQUENCE(,_xlpm.n,1,2)),_xlpm.pos,_xlfn._xlws.FILTER(_xlfn.SEQUENCE(,COLUMNS(_xlpm.p)),_xlpm.p<>""),IFERROR(INDEX(_xlpm.p,1,INDEX(_xlpm.pos,1,COLUMNS(_xlpm.pos)-1)),""))} -> 1859 | G4: {=_xlfn.LET(_xlpm.key,$B4&"|"&$C4,_xlpm.kdb,价格数据库!$A:$A&"|"&价格数据库!$B:$B,_xlpm.r,_xlfn.XMATCH(_xlpm.key,_xlpm.kdb,0),_xlpm.row,INDEX(价格数据库!$C:$ZZ,_xlpm.r,0),_xlpm.n,INT(COLUMNS(_xlpm.row)/2),_xlpm.q,_xlfn.CHOOSECOLS(_xlpm.row,_xlfn.SEQUENCE(,_xlpm.n,2,2)),_xlpm.pos,_xlfn._xlws.FILTER(_xlfn.SEQUENCE(,COLUMNS(_xlpm.q)),_xlpm.q<>""),IFERROR(INDEX(_xlpm.q,1,INDEX(_xlpm.pos,1,COLUMNS(_xlpm.pos)-1)),""))} -> 39 | H4: {=_xlfn.LET(_xlpm.key,$B4&"|"&$C4,_xlpm.kdb,价格数据库!$A$3:$A$2000&"|"&价格数据库!$B$3:$B$2000,_xlpm.r,_xlfn.XMATCH(_xlpm.key,_xlpm.kdb,0),_xlpm.row,INDEX(价格数据库!$C$3:$ZZ$2000,_xlpm.r,0),_xlpm.n,INT(COLUMNS(_xlpm.row)/2),_xlpm.p,_xlfn.CHOOSECOLS(_xlpm.row,_xlfn.SEQUENCE(,_xlpm.n,1,2)),IFERROR(MIN(_xlfn._xlws.FILTER(_xlpm.p,_xlpm.p<>"")),""))} -> 1489 | I4: {=_xlfn.LET(_xlpm.key,$B4&"|"&$C4,_xlpm.kdb,价格数据库!$A$3:$A$2000&"|"&价格数据库!$B$3:$B$2000,_xlpm.r,_xlfn.XMATCH(_xlpm.key,_xlpm.kdb,0),_xlpm.row,INDEX(价格数据库!$C$3:$ZZ$2000,_xlpm.r,0),_xlpm.n,INT(COLUMNS(_xlpm.row)/2),_xlpm.p,_xlfn.CHOOSECOLS(_xlpm.row,_xlfn.SEQUENCE(,_xlpm.n,1,2)),_xlpm.q,_xlfn.CHOOSECOLS(_xlpm.row,_xlfn.SEQUENCE(,_xlpm.n,2,2)),_xlpm.mp,IFERROR(MIN(_xlfn._xlws.FILTER(_xlpm.p,_xlpm.p<>"")),""),IF(_xlpm.mp="","",INDEX(_xlpm.q,_xlfn.XMATCH(_xlpm.mp,_xlpm.p,0,-1))))} -> 51 | J4: {=_xlfn.LET(_xlpm.key,$B4&"|"&$C4,_xlpm.kdb,价格数据库!$A$3:$A$2000&"|"&价格数据库!$B$3:$B$2000,_xlpm.r,_xlfn.XMATCH(_xlpm.key,_xlpm.kdb,0),_xlpm.row,INDEX(价格数据库!$C$3:$ZZ$2000,_xlpm.r,0),_xlpm.n,INT(COLUMNS(_xlpm.row)/2),_xlpm.p,_xlfn.CHOOSECOLS(_xlpm.row,_xlfn.SEQUENCE(,_xlpm.n,1,2)),IFERROR(MAX(_xlfn._xlws.FILTER(_xlpm.p,_xlpm.p<>"")),""))} -> 1885 | K4: {=_xlfn.LET(_xlpm.key,$B4&"|"&$C4,_xlpm.kdb,价格数据库!$A$3:$A$2000&"|"&价格数据库!$B$3:$B$2000,_xlpm.r,_xlfn.XMATCH(_xlpm.key,_xlpm.kdb,0),_xlpm.row,INDEX(价格数据库!$C$3:$ZZ$2000,_xlpm.r,0),_xlpm.n,INT(COLUMNS(_xlpm.row)/2),_xlpm.p,_xlfn.CHOOSECOLS(_xlpm.row,_xlfn.SEQUENCE(,_xlpm.n,1,2)),_xlpm.q,_xlfn.CHOOSECOLS(_xlpm.row,_xlfn.SEQUENCE(,_xlpm.n,2,2)),_xlpm.mx,IFERROR(MAX(_xlfn._xlws.FILTER(_xlpm.p,_xlpm.p<>"")),""),IF(_xlpm.mx="","",INDEX(_xlpm.q,_xlfn.XMATCH(_xlpm.mx,_xlpm.p,0,-1))))} -> 44 | L4: =J4-H4 -> 396 | M4: =(D4-H4)/H4 -> 0.2659503 | N4: =(E4-I4)/I4 -> -0.1372549 | O4: =IFERROR(N4/M4,"") -> -0.5160923 | P4: =IF(O4="","",IF(O4>0,"只卖不买",IF(O4>-0.3,"只卖不买",IF(O4>=-1.5,"交易区",IF(O4>=-2.5,"谨慎","危险盘"))))) -> 交易区 | Q4: =(D4-F4)/F4 -> 0.013986014 | R4: =(E4-G4)/G4 -> 0.12820513 | S4: =IFERROR(R4/Q4,"") -> 9.1666667 | T4: =IF(S4="","",IF(S4>0,"只卖不买",IF(S4>-0.3,"只卖不买",IF(S4>=-1.5,"交易区",IF(S4>=-2.5,"谨慎","危险盘"))))) -> 只卖不买 | U4: =IF(D4=H4,"历史最低","")
B5: 小Y | C5: 武器 | D5: {=_xlfn.LET(_xlpm.key,$B5&"|"&$C5,_xlpm.kdb,价格数据库!$A$3:$A$2000&"|"&价格数据库!$B$3:$B$2000,_xlpm.r,_xlfn.XMATCH(_xlpm.key,_xlpm.kdb,0),_xlpm.row,INDEX(价格数据库!$C$3:$ZZ$2000,_xlpm.r,0),_xlpm.n,INT(COLUMNS(_xlpm.row)/2),_xlpm.p,_xlfn.CHOOSECOLS(_xlpm.row,_xlfn.SEQUENCE(,_xlpm.n,1,2)),IFERROR(LOOKUP(2,1/(_xlpm.p<>""),_xlpm.p),""))} -> 8450 | E5: {=_xlfn.LET(_xlpm.key,$B5&"|"&$C5,_xlpm.kdb,价格数据库!$A$3:$A$2000&"|"&价格数据库!$B$3:$B$2000,_xlpm.r,_xlfn.XMATCH(_xlpm.key,_xlpm.kdb,0),_xlpm.row,INDEX(价格数据库!$C$3:$ZZ$2000,_xlpm.r,0),_xlpm.n,INT(COLUMNS(_xlpm.row)/2),_xlpm.p,_xlfn.CHOOSECOLS(_xlpm.row,_xlfn.SEQUENCE(,_xlpm.n,1,2)),_xlpm.q,_xlfn.CHOOSECOLS(_xlpm.row,_xlfn.SEQUENCE(,_xlpm.n,2,2)),_xlpm.lp,IFERROR(LOOKUP(2,1/(_xlpm.p<>""),_xlpm.p),""),IF(_xlpm.lp="","",INDEX(_xlpm.q,_xlfn.XMATCH(_xlpm.lp,_xlpm.p,0,-1))))} -> 9 | F5: {=_xlfn.LET(_xlpm.key,$B5&"|"&$C5,_xlpm.kdb,价格数据库!$A:$A&"|"&价格数据库!$B:$B,_xlpm.r,_xlfn.XMATCH(_xlpm.key,_xlpm.kdb,0),_xlpm.row,INDEX(价格数据库!$C:$ZZ,_xlpm.r,0),_xlpm.n,INT(COLUMNS(_xlpm.row)/2),_xlpm.p,_xlfn.CHOOSECOLS(_xlpm.row,_xlfn.SEQUENCE(,_xlpm.n,1,2)),_xlpm.pos,_xlfn._xlws.FILTER(_xlfn.SEQUENCE(,COLUMNS(_xlpm.p)),_xlpm.p<>""),IFERROR(INDEX(_xlpm.p,1,INDEX(_xlpm.pos,1,COLUMNS(_xlpm.pos)-1)),""))} -> 7000 | G5: {=_xlfn.LET(_xlpm.key,$B5&"|"&$C5,_xlpm.kdb,价格数据库!$A:$A&"|"&价格数据库!$B:$B,_xlpm.r,_xlfn.XMATCH(_xlpm.key,_xlpm.kdb,0),_xlpm.row,INDEX(价格数据库!$C:$ZZ,_xlpm.r,0),_xlpm.n,INT(COLUMNS(_xlpm.row)/2),_xlpm.q,_xlfn.CHOOSECOLS(_xlpm.row,_xlfn.SEQUENCE(,_xlpm.n,2,2)),_xlpm.pos,_xlfn._xlws.FILTER(_xlfn.SEQUENCE(,COLUMNS(_xlpm.q)),_xlpm.q<>""),IFERROR(INDEX(_xlpm.q,1,INDEX(_xlpm.pos,1,COLUMNS(_xlpm.pos)-1)),""))} -> 12 | H5: {=_xlfn.LET(_xlpm.key,$B5&"|"&$C5,_xlpm.kdb,价格数据库!$A$3:$A$2000&"|"&价格数据库!$B$3:$B$2000,_xlpm.r,_xlfn.XMATCH(_xlpm.key,_xlpm.kdb,0),_xlpm.row,INDEX(价格数据库!$C$3:$ZZ$2000,_xlpm.r,0),_xlpm.n,INT(COLUMNS(_xlpm.row)/2),_xlpm.p,_xlfn.CHOOSECOLS(_xlpm.row,_xlfn.SEQUENCE(,_xlpm.n,1,2)),IFERROR(MIN(_xlfn._xlws.FILTER(_xlpm.p,_xlpm.p<>"")),""))} -> 6700 | I5: {=_xlfn.LET(_xlpm.key,$B5&"|"&$C5,_xlpm.kdb,价格数据库!$A$3:$A$2000&"|"&价格数据库!$B$3:$B$2000,_xlpm.r,_xlfn.XMATCH(_xlpm.key,_xlpm.kdb,0),_xlpm.row,INDEX(价格数据库!$C$3:$ZZ$2000,_xlpm.r,0),_xlpm.n,INT(COLUMNS(_xlpm.row)/2),_xlpm.p,_xlfn.CHOOSECOLS(_xlpm.row,_xlfn.SEQUENCE(,_xlpm.n,1,2)),_xlpm.q,_xlfn.CHOOSECOLS(_xlpm.row,_xlfn.SEQUENCE(,_xlpm.n,2,2)),_xlpm.mp,IFERROR(MIN(_xlfn._xlws.FILTER(_xlpm.p,_xlpm.p<>"")),""),IF(_xlpm.mp="","",INDEX(_xlpm.q,_xlfn.XMATCH(_xlpm.mp,_xlpm.p,0,-1))))} -> 12 | J5: {=_xlfn.LET(_xlpm.key,$B5&"|"&$C5,_xlpm.kdb,价格数据库!$A$3:$A$2000&"|"&价格数据库!$B$3:$B$2000,_xlpm.r,_xlfn.XMATCH(_xlpm.key,_xlpm.kdb,0),_xlpm.row,INDEX(价格数据库!$C$3:$ZZ$2000,_xlpm.r,0),_xlpm.n,INT(COLUMNS(_xlpm.row)/2),_xlpm.p,_xlfn.CHOOSECOLS(_xlpm.row,_xlfn.SEQUENCE(,_xlpm.n,1,2)),IFERROR(MAX(_xlfn._xlws.FILTER(_xlpm.p,_xlpm.p<>"")),""))} -> 8600 | K5: {=_xlfn.LET(_xlpm.key,$B5&"|"&$C5,_xlpm.kdb,价格数据库!$A$3:$A$2000&"|"&价格数据库!$B$3:$B$2000,_xlpm.r,_xlfn.XMATCH(_xlpm.key,_xlpm.kdb,0),_xlpm.row,INDEX(价格数据库!$C$3:$ZZ$2000,_xlpm.r,0),_xlpm.n,INT(COLUMNS(_xlpm.row)/2),_xlpm.p,_xlfn.CHOOSECOLS(_xlpm.row,_xlfn.SEQUENCE(,_xlpm.n,1,2)),_xlpm.q,_xlfn.CHOOSECOLS(_xlpm.row,_xlfn.SEQUENCE(,_xlpm.n,2,2)),_xlpm.mx,IFERROR(MAX(_xlfn._xlws.FILTER(_xlpm.p,_xlpm.p<>"")),""),IF(_xlpm.mx="","",INDEX(_xlpm.q,_xlfn.XMATCH(_xlpm.mx,_xlpm.p,0,-1))))} -> 9 | L5: =J5-H5 -> 1900 | M5: =(D5-H5)/H5 -> 0.26119403 | N5: =(E5-I5)/I5 -> -0.25 | O5: =IFERROR(N5/M5,"") -> -0.95714286 | P5: =IF(O5="","",IF(O5>0,"只卖不买",IF(O5>-0.3,"只卖不买",IF(O5>=-1.5,"交易区",IF(O5>=-2.5,"谨慎","危险盘"))))) -> 交易区 | Q5: =(D5-F5)/F5 -> 0.20714286 | R5: =(E5-G5)/G5 -> -0.25 | S5: =IFERROR(R5/Q5,"") -> -1.2068966 | T5: =IF(S5="","",IF(S5>0,"只卖不买",IF(S5>-0.3,"只卖不买",IF(S5>=-1.5,"交易区",IF(S5>=-2.5,"谨慎","危险盘"))))) -> 交易区 | U5: =IF(D5=H5,"历史最低","")
B6: 先知 | C6: 武器 | D6: {=_xlfn.LET(_xlpm.key,$B6&"|"&$C6,_xlpm.kdb,价格数据库!$A$3:$A$2000&"|"&价格数据库!$B$3:$B$2000,_xlpm.r,_xlfn.XMATCH(_xlpm.key,_xlpm.kdb,0),_xlpm.row,INDEX(价格数据库!$C$3:$ZZ$2000,_xlpm.r,0),_xlpm.n,INT(COLUMNS(_xlpm.row)/2),_xlpm.p,_xlfn.CHOOSECOLS(_xlpm.row,_xlfn.SEQUENCE(,_xlpm.n,1,2)),IFERROR(LOOKUP(2,1/(_xlpm.p<>""),_xlpm.p),""))} -> 2595 | E6: {=_xlfn.LET(_xlpm.key,$B6&"|"&$C6,_xlpm.kdb,价格数据库!$A$3:$A$2000&"|"&价格数据库!$B$3:$B$2000,_xlpm.r,_xlfn.XMATCH(_xlpm.key,_xlpm.kdb,0),_xlpm.row,INDEX(价格数据库!$C$3:$ZZ$2000,_xlpm.r,0),_xlpm.n,INT(COLUMNS(_xlpm.row)/2),_xlpm.p,_xlfn.CHOOSECOLS(_xlpm.row,_xlfn.SEQUENCE(,_xlpm.n,1,2)),_xlpm.q,_xlfn.CHOOSECOLS(_xlpm.row,_xlfn.SEQUENCE(,_xlpm.n,2,2)),_xlpm.lp,IFERROR(LOOKUP(2,1/(_xlpm.p<>""),_xlpm.p),""),IF(_xlpm.lp="","",INDEX(_xlpm.q,_xlfn.XMATCH(_xlpm.lp,_xlpm.p,0,-1))))} -> 31 | F6: {=_xlfn.LET(_xlpm.key,$B6&"|"&$C6,_xlpm.kdb,价格数据库!$A:$A&"|"&价格数据库!$B:$B,_xlpm.r,_xlfn.XMATCH(_xlpm.key,_xlpm.kdb,0),_xlpm.row,INDEX(价格数据库!$C:$ZZ,_xlpm.r,0),_xlpm.n,INT(COLUMNS(_xlpm.row)/2),_xlpm.p,_xlfn.CHOOSECOLS(_xlpm.row,_xlfn.SEQUENCE(,_xlpm.n,1,2)),_xlpm.pos,_xlfn._xlws.FILTER(_xlfn.SEQUENCE(,COLUMNS(_xlpm.p)),_xlpm.p<>""),IFERROR(INDEX(_xlpm.p,1,INDEX(_xlpm.pos,1,COLUMNS(_xlpm.pos)-1)),""))} -> 2397 | G6: {=_xlfn.LET(_xlpm.key,$B6&"|"&$C6,_xlpm.kdb,价格数据库!$A:$A&"|"&价格数据库!$B:$B,_xlpm.r,_xlfn.XMATCH(_xlpm.key,_xlpm.kdb,0),_xlpm.row,INDEX(价格数据库!$C:$ZZ,_xlpm.r,0),_xlpm.n,INT(COLUMNS(_xlpm.row)/2),_xlpm.q,_xlfn.CHOOSECOLS(_xlpm.row,_xlfn.SEQUENCE(,_xlpm.n,2,2)),_xlpm.pos,_xlfn._xlws.FILTER(_xlfn.SEQUENCE(,COLUMNS(_xlpm.q)),_xlpm.q<>""),IFERROR(INDEX(_xlpm.q,1,INDEX(_xlpm.pos,1,COLUMNS(_xlpm.pos)-1)),""))} -> 30 | H6: {=_xlfn.LET(_xlpm.key,$B6&"|"&$C6,_xlpm.kdb,价格数据库!$A$3:$A$2000&"|"&价格数据库!$B$3:$B$2000,_xlpm.r,_xlfn.XMATCH(_xlpm.key,_xlpm.kdb,0),_xlpm.row,INDEX(价格数据库!$C$3:$ZZ$2000,_xlpm.r,0),_xlpm.n,INT(COLUMNS(_xlpm.row)/2),_xlpm.p,_xlfn.CHOOSECOLS(_xlpm.row,_xlfn.SEQUENCE(,_xlpm.n,1,2)),IFERROR(MIN(_xlfn._xlws.FILTER(_xlpm.p,_xlpm.p<>"")),""))} -> 2299 | I6: {=_xlfn.LET(_xlpm.key,$B6&"|"&$C6,_xlpm.kdb,价格数据库!$A$3:$A$2000&"|"&价格数据库!$B$3:$B$2000,_xlpm.r,_xlfn.XMATCH(_xlpm.key,_xlpm.kdb,0),_xlpm.row,INDEX(价格数据库!$C$3:$ZZ$2000,_xlpm.r,0),_xlpm.n,INT(COLUMNS(_xlpm.row)/2),_xlpm.p,_xlfn.CHOOSECOLS(_xlpm.row,_xlfn.SEQUENCE(,_xlpm.n,1,2)),_xlpm.q,_xlfn.CHOOSECOLS(_xlpm.row,_xlfn.SEQUENCE(,_xlpm.n,2,2)),_xlpm.mp,IFERROR(MIN(_xlfn._xlws.FILTER(_xlpm.p,_xlpm.p<>"")),""),IF(_xlpm.mp="","",INDEX(_xlpm.q,_xlfn.XMATCH(_xlpm.mp,_xlpm.p,0,-1))))} -> 34 | J6: {=_xlfn.LET(_xlpm.key,$B6&"|"&$C6,_xlpm.kdb,价格数据库!$A$3:$A$2000&"|"&价格数据库!$B$3:$B$2000,_xlpm.r,_xlfn.XMATCH(_xlpm.key,_xlpm.kdb,0),_xlpm.row,INDEX(价格数据库!$C$3:$ZZ$2000,_xlpm.r,0),_xlpm.n,INT(COLUMNS(_xlpm.row)/2),_xlpm.p,_xlfn.CHOOSECOLS(_xlpm.row,_xlfn.SEQUENCE(,_xlpm.n,1,2)),IFERROR(MAX(_xlfn._xlws.FILTER(_xlpm.p,_xlpm.p<>"")),""))} -> 2799 | K6: {=_xlfn.LET(_xlpm.key,$B6&"|"&$C6,_xlpm.kdb,价格数据库!$A$3:$A$2000&"|"&价格数据库!$B$3:$B$2000,_xlpm.r,_xlfn.XMATCH(_xlpm.key,_xlpm.kdb,0),_xlpm.row,INDEX(价格数据库!$C$3:$ZZ$2000,_xlpm.r,0),_xlpm.n,INT(COLUMNS(_xlpm.row)/2),_xlpm.p,_xlfn.CHOOSECOLS(_xlpm.row,_xlfn.SEQUENCE(,_xlpm.n,1,2)),_xlpm.q,_xlfn.CHOOSECOLS(_xlpm.row,_xlfn.SEQUENCE(,_xlpm.n,2,2)),_xlpm.mx,IFERROR(MAX(_xlfn._xlws.FILTER(_xlpm.p,_xlpm.p<>"")),""),IF(_xlpm.mx="","",INDEX(_xlpm.q,_xlfn.XMATCH(_xlpm.mx,_xlpm.p,0,-1))))} -> 23 | L6: =J6-H6 -> 500 | M6: =(D6-H6)/H6 -> 0.12875163 | N6: =(E6-I6)/I6 -> -0.088235294 | O6: =IFERROR(N6/M6,"") -> -0.68531399 | P6: =IF(O6="","",IF(O6>0,"只卖不买",IF(O6>-0.3,"只卖不买",IF(O6>=-1.5,"交易区",IF(O6>=-2.5,"谨慎","危险盘"))))) -> 交易区 | Q6: =(D6-F6)/F6 -> 0.082603254 | R6: =(E6-G6)/G6 -> 0.033333333 | S6: =IFERROR(R6/Q6,"") -> 0.40353535 | T6: =IF(S6="","",IF(S6>0,"只卖不买",IF(S6>-0.3,"只卖不买",IF(S6>=-1.5,"交易区",IF(S6>=-2.5,"谨慎","危险盘"))))) -> 只卖不买 | U6: =IF(D6=H6,"历史最低","")
B7: CK | C7: 坐骑 | D7: {=_xlfn.LET(_xlpm.key,$B7&"|"&$C7,_xlpm.kdb,价格数据库!$A$3:$A$2000&"|"&价格数据库!$B$3:$B$2000,_xlpm.r,_xlfn.XMATCH(_xlpm.key,_xlpm.kdb,0),_xlpm.row,INDEX(价格数据库!$C$3:$ZZ$2000,_xlpm.r,0),_xlpm.n,INT(COLUMNS(_xlpm.row)/2),_xlpm.p,_xlfn.CHOOSECOLS(_xlpm.row,_xlfn.SEQUENCE(,_xlpm.n,1,2)),IFERROR(LOOKUP(2,1/(_xlpm.p<>""),_xlpm.p),""))} -> 1550 | E7: {=_xlfn.LET(_xlpm.key,$B7&"|"&$C7,_xlpm.kdb,价格数据库!$A$3:$A$2000&"|"&价格数据库!$B$3:$B$2000,_xlpm.r,_xlfn.XMATCH(_xlpm.key,_xlpm.kdb,0),_xlpm.row,INDEX(价格数据库!$C$3:$ZZ$2000,_xlpm.r,0),_xlpm.n,INT(COLUMNS(_xlpm.row)/2),_xlpm.p,_xlfn.CHOOSECOLS(_xlpm.row,_xlfn.SEQUENCE(,_xlpm.n,1,2)),_xlpm.q,_xlfn.CHOOSECOLS(_xlpm.row,_xlfn.SEQUENCE(,_xlpm.n,2,2)),_xlpm.lp,IFERROR(LOOKUP(2,1/(_xlpm.p<>""),_xlpm.p),""),IF(_xlpm.lp="","",INDEX(_xlpm.q,_xlfn.XMATCH(_xlpm.lp,_xlpm.p,0,-1))))} -> 44 | F7: {=_xlfn.LET(_xlpm.key,$B7&"|"&$C7,_xlpm.kdb,价格数据库!$A:$A&"|"&价格数据库!$B:$B,_xlpm.r,_xlfn.XMATCH(_xlpm.key,_xlpm.kdb,0),_xlpm.row,INDEX(价格数据库!$C:$ZZ,_xlpm.r,0),_xlpm.n,INT(COLUMNS(_xlpm.row)/2),_xlpm.p,_xlfn.CHOOSECOLS(_xlpm.row,_xlfn.SEQUENCE(,_xlpm.n,1,2)),_xlpm.pos,_xlfn._xlws.FILTER(_xlfn.SEQUENCE(,COLUMNS(_xlpm.p)),_xlpm.p<>""),IFERROR(INDEX(_xlpm.p,1,INDEX(_xlpm.pos,1,COLUMNS(_xlpm.pos)-1)),""))} -> 1779 | G7: {=_xlfn.LET(_xlpm.key,$B7&"|"&$C7,_xlpm.kdb,价格数据库!$A:$A&"|"&价格数据库!$B:$B,_xlpm.r,_xlfn.XMATCH(_xlpm.key,_xlpm.kdb,0),_xlpm.row,INDEX(价格数据库!$C:$ZZ,_xlpm.r,0),_xlpm.n,INT(COLUMNS(_xlpm.row)/2),_xlpm.q,_xlfn.CHOOSECOLS(_xlpm.row,_xlfn.SEQUENCE(,_xlpm.n,2,2)),_xlpm.pos,_xlfn._xlws.FILTER(_xlfn.SEQUENCE(,COLUMNS(_xlpm.q)),_xlpm.q<>""),IFERROR(INDEX(_xlpm.q,1,INDEX(_xlpm.pos,1,COLUMNS(_xlpm.pos)-1)),""))} -> 40 | H7: {=_xlfn.LET(_xlpm.key,$B7&"|"&$C7,_xlpm.kdb,价格数据库!$A$3:$A$2000&"|"&价格数据库!$B$3:$B$2000,_xlpm.r,_xlfn.XMATCH(_xlpm.key,_xlpm.kdb,0),_xlpm.row,INDEX(价格数据库!$C$3:$ZZ$2000,_xlpm.r,0),_xlpm.n,INT(COLUMNS(_xlpm.row)/2),_xlpm.p,_xlfn.CHOOSECOLS(_xlpm.row,_xlfn.SEQUENCE(,_xlpm.n,1,2)),IFERROR(MIN(_xlfn._xlws.FILTER(_xlpm.p,_xlpm.p<>"")),""))} -> 1400 | I7: {=_xlfn.LET(_xlpm.key,$B7&"|"&$C7,_xlpm.kdb,价格数据库!$A$3:$A$2000&"|"&价格数据库!$B$3:$B$2000,_xlpm.r,_xlfn.XMATCH(_xlpm.key,_xlpm.kdb,0),_xlpm.row,INDEX(价格数据库!$C$3:$ZZ$2000,_xlpm.r,0),_xlpm.n,INT(COLUMNS(_xlpm.row)/2),_xlpm.p,_xlfn.CHOOSECOLS(_xlpm.row,_xlfn.SEQUENCE(,_xlpm.n,1,2)),_xlpm.q,_xlfn.CHOOSECOLS(_xlpm.row,_xlfn.SEQUENCE(,_xlpm.n,2,2)),_xlpm.mp,IFERROR(MIN(_xlfn._xlws.FILTER(_xlpm.p,_xlpm.p<>"")),""),IF(_xlpm.mp="","",INDEX(_xlpm.q,_xlfn.XMATCH(_xlpm.mp,_xlpm.p,0,-1))))} -> 52 | J7: {=_xlfn.LET(_xlpm.key,$B7&"|"&$C7,_xlpm.kdb,价格数据库!$A$3:$A$2000&"|"&价格数据库!$B$3:$B$2000,_xlpm.r,_xlfn.XMATCH(_xlpm.key,_xlpm.kdb,0),_xlpm.row,INDEX(价格数据库!$C$3:$ZZ$2000,_xlpm.r,0),_xlpm.n,INT(COLUMNS(_xlpm.row)/2),_xlpm.p,_xlfn.CHOOSECOLS(_xlpm.row,_xlfn.SEQUENCE(,_xlpm.n,1,2)),IFERROR(MAX(_xlfn._xlws.FILTER(_xlpm.p,_xlpm.p<>"")),""))} -> 1779 | K7: {=_xlfn.LET(_xlpm.key,$B7&"|"&$C7,_xlpm.kdb,价格数据库!$A$3:$A$2000&"|"&价格数据库!$B$3:$B$2000,_xlpm.r,_xlfn.XMATCH(_xlpm.key,_xlpm.kdb,0),_xlpm.row,INDEX(价格数据库!$C$3:$ZZ$2000,_xlpm.r,0),_xlpm.n,INT(COLUMNS(_xlpm.row)/2),_xlpm.p,_xlfn.CHOOSECOLS(_xlpm.row,_xlfn.SEQUENCE(,_xlpm.n,1,2)),_xlpm.q,_xlfn.CHOOSECOLS(_xlpm.row,_xlfn.SEQUENCE(,_xlpm.n,2,2)),_xlpm.mx,IFERROR(MAX(_xlfn._xlws.FILTER(_xlpm.p,_xlpm.p<>"")),""),IF(_xlpm.mx="","",INDEX(_xlpm.q,_xlfn.XMATCH(_xlpm.mx,_xlpm.p,0,-1))))} -> 40 | L7: =J7-H7 -> 379 | M7: =(D7-H7)/H7 -> 0.10714286 | N7: =(E7-I7)/I7 -> -0.15384615 | O7: =IFERROR(N7/M7,"") -> -1.4358974 | P7: =IF(O7="","",IF(O7>0,"只卖不买",IF(O7>-0.3,"只卖不买",IF(O7>=-1.5,"交易区",IF(O7>=-2.5,"谨慎","危险盘"))))) -> 交易区 | Q7: =(D7-F7)/F7 -> -0.128724 | R7: =(E7-G7)/G7 -> 0.1 | S7: =IFERROR(R7/Q7,"") -> -0.7768559 | T7: =IF(S7="","",IF(S7>0,"只卖不买",IF(S7>-0.3,"只卖不买",IF(S7>=-1.5,"交易区",IF(S7>=-2.5,"谨慎","危险盘"))))) -> 交易区 | U7: =IF(D7=H7,"历史最低","")
B8: 尸王 | C8: 召唤 | D8: {=_xlfn.LET(_xlpm.key,$B8&"|"&$C8,_xlpm.kdb,价格数据库!$A$3:$A$2000&"|"&价格数据库!$B$3:$B$2000,_xlpm.r,_xlfn.XMATCH(_xlpm.key,_xlpm.kdb,0),_xlpm.row,INDEX(价格数据库!$C$3:$ZZ$2000,_xlpm.r,0),_xlpm.n,INT(COLUMNS(_xlpm.row)/2),_xlpm.p,_xlfn.CHOOSECOLS(_xlpm.row,_xlfn.SEQUENCE(,_xlpm.n,1,2)),IFERROR(LOOKUP(2,1/(_xlpm.p<>""),_xlpm.p),""))} -> 4887 | E8: {=_xlfn.LET(_xlpm.key,$B8&"|"&$C8,_xlpm.kdb,价格数据库!$A$3:$A$2000&"|"&价格数据库!$B$3:$B$2000,_xlpm.r,_xlfn.XMATCH(_xlpm.key,_xlpm.kdb,0),_xlpm.row,INDEX(价格数据库!$C$3:$ZZ$2000,_xlpm.r,0),_xlpm.n,INT(COLUMNS(_xlpm.row)/2),_xlpm.p,_xlfn.CHOOSECOLS(_xlpm.row,_xlfn.SEQUENCE(,_xlpm.n,1,2)),_xlpm.q,_xlfn.CHOOSECOLS(_xlpm.row,_xlfn.SEQUENCE(,_xlpm.n,2,2)),_xlpm.lp,IFERROR(LOOKUP(2,1/(_xlpm.p<>""),_xlpm.p),""),IF(_xlpm.lp="","",INDEX(_xlpm.q,_xlfn.XMATCH(_xlpm.lp,_xlpm.p,0,-1))))} -> 11 | F8: {=_xlfn.LET(_xlpm.key,$B8&"|"&$C8,_xlpm.kdb,价格数据库!$A:$A&"|"&价格数据库!$B:$B,_xlpm.r,_xlfn.XMATCH(_xlpm.key,_xlpm.kdb,0),_xlpm.row,INDEX(价格数据库!$C:$ZZ,_xlpm.r,0),_xlpm.n,INT(COLUMNS(_xlpm.row)/2),_xlpm.p,_xlfn.CHOOSECOLS(_xlpm.row,_xlfn.SEQUENCE(,_xlpm.n,1,2)),_xlpm.pos,_xlfn._xlws.FILTER(_xlfn.SEQUENCE(,COLUMNS(_xlpm.p)),_xlpm.p<>""),IFERROR(INDEX(_xlpm.p,1,INDEX(_xlpm.pos,1,COLUMNS(_xlpm.pos)-1)),""))} -> 4555 | G8: {=_xlfn.LET(_xlpm.key,$B8&"|"&$C8,_xlpm.kdb,价格数据库!$A:$A&"|"&价格数据库!$B:$B,_xlpm.r,_xlfn.XMATCH(_xlpm.key,_xlpm.kdb,0),_xlpm.row,INDEX(价格数据库!$C:$ZZ,_xlpm.r,0),_xlpm.n,INT(COLUMNS(_xlpm.row)/2),_xlpm.q,_xlfn.CHOOSECOLS(_xlpm.row,_xlfn.SEQUENCE(,_xlpm.n,2,2)),_xlpm.pos,_xlfn._xlws.FILTER(_xlfn.SEQUENCE(,COLUMNS(_xlpm.q)),_xlpm.q<>""),IFERROR(INDEX(_xlpm.q,1,INDEX(_xlpm.pos,1,COLUMNS(_xlpm.pos)-1)),""))} -> 13 | H8: {=_xlfn.LET(_xlpm.key,$B8&"|"&$C8,_xlpm.kdb,价格数据库!$A$3:$A$2000&"|"&价格数据库!$B$3:$B$2000,_xlpm.r,_xlfn.XMATCH(_xlpm.key,_xlpm.kdb,0),_xlpm.row,INDEX(价格数据库!$C$3:$ZZ$2000,_xlpm.r,0),_xlpm.n,INT(COLUMNS(_xlpm.row)/2),_xlpm.p,_xlfn.CHOOSECOLS(_xlpm.row,_xlfn.SEQUENCE(,_xlpm.n,1,2)),IFERROR(MIN(_xlfn._xlws.FILTER(_xlpm.p,_xlpm.p<>"")),""))} -> 4555 | I8: {=_xlfn.LET(_xlpm.key,$B8&"|"&$C8,_xlpm.kdb,价格数据库!$A$3:$A$2000&"|"&价格数据库!$B$3:$B$2000,_xlpm.r,_xlfn.XMATCH(_xlpm.key,_xlpm.kdb,0),_xlpm.row,INDEX(价格数据库!$C$3:$ZZ$2000,_xlpm.r,0),_xlpm.n,INT(COLUMNS(_xlpm.row)/2),_xlpm.p,_xlfn.CHOOSECOLS(_xlpm.row,_xlfn.SEQUENCE(,_xlpm.n,1,2)),_xlpm.q,_xlfn.CHOOSECOLS(_xlpm.row,_xlfn.SEQUENCE(,_xlpm.n,2,2)),_xlpm.mp,IFERROR(MIN(_xlfn._xlws.FILTER(_xlpm.p,_xlpm.p<>"")),""),IF(_xlpm.mp="","",INDEX(_xlpm.q,_xlfn.XMATCH(_xlpm.mp,_xlpm.p,0,-1))))} -> 13 | J8: {=_xlfn.LET(_xlpm.key,$B8&"|"&$C8,_xlpm.kdb,价格数据库!$A$3:$A$2000&"|"&价格数据库!$B$3:$B$2000,_xlpm.r,_xlfn.XMATCH(_xlpm.key,_xlpm.kdb,0),_xlpm.row,INDEX(价格数据库!$C$3:$ZZ$2000,_xlpm.r,0),_xlpm.n,INT(COLUMNS(_xlpm.row)/2),_xlpm.p,_xlfn.CHOOSECOLS(_xlpm.row,_xlfn.SEQUENCE(,_xlpm.n,1,2)),IFERROR(MAX(_xlfn._xlws.FILTER(_xlpm.p,_xlpm.p<>"")),""))} -> 5500 | K8: {=_xlfn.LET(_xlpm.key,$B8&"|"&$C8,_xlpm.kdb,价格数据库!$A$3:$A$2000&"|"&价格数据库!$B$3:$B$2000,_xlpm.r,_xlfn.XMATCH(_xlpm.key,_xlpm.kdb,0),_xlpm.row,INDEX(价格数据库!$C$3:$ZZ$2000,_xlpm.r,0),_xlpm.n,INT(COLUMNS(_xlpm.row)/2),_xlpm.p,_xlfn.CHOOSECOLS(_xlpm.row,_xlfn.SEQUENCE(,_xlpm.n,1,2)),_xlpm.q,_xlfn.CHOOSECOLS(_xlpm.row,_xlfn.SEQUENCE(,_xlpm.n,2,2)),_xlpm.mx,IFERROR(MAX(_xlfn._xlws.FILTER(_xlpm.p,_xlpm.p<>"")),""),IF(_xlpm.mx="","",INDEX(_xlpm.q,_xlfn.XMATCH(_xlpm.mx,_xlpm.p,0,-1))))} -> 9 | L8: =J8-H8 -> 945 | M8: =(D8-H8)/H8 -> 0.072886937 | N8: =(E8-I8)/I8 -> -0.15384615 | O8: =IFERROR(N8/M8,"") -> -2.1107507 | P8: =IF(O8="","",IF(O8>0,"只卖不买",IF(O8>-0.3,"只卖不买",IF(O8>=-1.5,"交易区",IF(O8>=-2.5,"谨慎","危险盘"))))) -> 谨慎 | Q8: =(D8-F8)/F8 -> 0.072886937 | R8: =(E8-G8)/G8 -> -0.15384615 | S8: =IFERROR(R8/Q8,"") -> -2.1107507 | T8: =IF(S8="","",IF(S8>0,"只卖不买",IF(S8>-0.3,"只卖不买",IF(S8>=-1.5,"交易区",IF(S8>=-2.5,"谨慎","危险盘"))))) -> 谨慎 | U8: =IF(D8=H8,"历史最低","")
B9: 斧王 | C9: 武器 | D9: {=_xlfn.LET(_xlpm.key,$B9&"|"&$C9,_xlpm.kdb,价格数据库!$A$3:$A$2000&"|"&价格数据库!$B$3:$B$2000,_xlpm.r,_xlfn.XMATCH(_xlpm.key,_xlpm.kdb,0),_xlpm.row,INDEX(价格数据库!$C$3:$ZZ$2000,_xlpm.r,0),_xlpm.n,INT(COLUMNS(_xlpm.row)/2),_xlpm.p,_xlfn.CHOOSECOLS(_xlpm.row,_xlfn.SEQUENCE(,_xlpm.n,1,2)),IFERROR(LOOKUP(2,1/(_xlpm.p<>""),_xlpm.p),""))} -> 1819 | E9: {=_xlfn.LET(_xlpm.key,$B9&"|"&$C9,_xlpm.kdb,价格数据库!$A$3:$A$2000&"|"&价格数据库!$B$3:$B$2000,_xlpm.r,_xlfn.XMATCH(_xlpm.key,_xlpm.kdb,0),_xlpm.row,INDEX(价格数据库!$C$3:$ZZ$2000,_xlpm.r,0),_xlpm.n,INT(COLUMNS(_xlpm.row)/2),_xlpm.p,_xlfn.CHOOSECOLS(_xlpm.row,_xlfn.SEQUENCE(,_xlpm.n,1,2)),_xlpm.q,_xlfn.CHOOSECOLS(_xlpm.row,_xlfn.SEQUENCE(,_xlpm.n,2,2)),_xlpm.lp,IFERROR(LOOKUP(2,1/(_xlpm.p<>""),_xlpm.p),""),IF(_xlpm.lp="","",INDEX(_xlpm.q,_xlfn.XMATCH(_xlpm.lp,_xlpm.p,0,-1))))} -> 44 | F9: {=_xlfn.LET(_xlpm.key,$B9&"|"&$C9,_xlpm.kdb,价格数据库!$A:$A&"|"&价格数据库!$B:$B,_xlpm.r,_xlfn.XMATCH(_xlpm.key,_xlpm.kdb,0),_xlpm.row,INDEX(价格数据库!$C:$ZZ,_xlpm.r,0),_xlpm.n,INT(COLUMNS(_xlpm.row)/2),_xlpm.p,_xlfn.CHOOSECOLS(_xlpm.row,_xlfn.SEQUENCE(,_xlpm.n,1,2)),_xlpm.pos,_xlfn._xlws.FILTER(_xlfn.SEQUENCE(,COLUMNS(_xlpm.p)),_xlpm.p<>""),IFERROR(INDEX(_xlpm.p,1,INDEX(_xlpm.pos,1,COLUMNS(_xlpm.pos)-1)),""))} -> 1749 | G9: {=_xlfn.LET(_xlpm.key,$B9&"|"&$C9,_xlpm.kdb,价格数据库!$A:$A&"|"&价格数据库!$B:$B,_xlpm.r,_xlfn.XMATCH(_xlpm.key,_xlpm.kdb,0),_xlpm.row,INDEX(价格数据库!$C:$ZZ,_xlpm.r,0),_xlpm.n,INT(COLUMNS(_xlpm.row)/2),_xlpm.q,_xlfn.CHOOSECOLS(_xlpm.row,_xlfn.SEQUENCE(,_xlpm.n,2,2)),_xlpm.pos,_xlfn._xlws.FILTER(_xlfn.SEQUENCE(,COLUMNS(_xlpm.q)),_xlpm.q<>""),IFERROR(INDEX(_xlpm.q,1,INDEX(_xlpm.pos,1,COLUMNS(_xlpm.pos)-1)),""))} -> 46 | H9: {=_xlfn.LET(_xlpm.key,$B9&"|"&$C9,_xlpm.kdb,价格数据库!$A$3:$A$2000&"|"&价格数据库!$B$3:$B$2000,_xlpm.r,_xlfn.XMATCH(_xlpm.key,_xlpm.kdb,0),_xlpm.row,INDEX(价格数据库!$C$3:$ZZ$2000,_xlpm.r,0),_xlpm.n,INT(COLUMNS(_xlpm.row)/2),_xlpm.p,_xlfn.CHOOSECOLS(_xlpm.row,_xlfn.SEQUENCE(,_xlpm.n,1,2)),IFERROR(MIN(_xlfn._xlws.FILTER(_xlpm.p,_xlpm.p<>"")),""))} -> 1700 | I9: {=_xlfn.LET(_xlpm.key,$B9&"|"&$C9,_xlpm.kdb,价格数据库!$A$3:$A$2000&"|"&价格数据库!$B$3:$B$2000,_xlpm.r,_xlfn.XMATCH(_xlpm.key,_xlpm.kdb,0),_xlpm.row,INDEX(价格数据库!$C$3:$ZZ$2000,_xlpm.r,0),_xlpm.n,INT(COLUMNS(_xlpm.row)/2),_xlpm.p,_xlfn.CHOOSECOLS(_xlpm.row,_xlfn.SEQUENCE(,_xlpm.n,1,2)),_xlpm.q,_xlfn.CHOOSECOLS(_xlpm.row,_xlfn.SEQUENCE(,_xlpm.n,2,2)),_xlpm.mp,IFERROR(MIN(_xlfn._xlws.FILTER(_xlpm.p,_xlpm.p<>"")),""),IF(_xlpm.mp="","",INDEX(_xlpm.q,_xlfn.XMATCH(_xlpm.mp,_xlpm.p,0,-1))))} -> 39 | J9: {=_xlfn.LET(_xlpm.key,$B9&"|"&$C9,_xlpm.kdb,价格数据库!$A$3:$A$2000&"|"&价格数据库!$B$3:$B$2000,_xlpm.r,_xlfn.XMATCH(_xlpm.key,_xlpm.kdb,0),_xlpm.row,INDEX(价格数据库!$C$3:$ZZ$2000,_xlpm.r,0),_xlpm.n,INT(COLUMNS(_xlpm.row)/2),_xlpm.p,_xlfn.CHOOSECOLS(_xlpm.row,_xlfn.SEQUENCE(,_xlpm.n,1,2)),IFERROR(MAX(_xlfn._xlws.FILTER(_xlpm.p,_xlpm.p<>"")),""))} -> 1947 | K9: {=_xlfn.LET(_xlpm.key,$B9&"|"&$C9,_xlpm.kdb,价格数据库!$A$3:$A$2000&"|"&价格数据库!$B$3:$B$2000,_xlpm.r,_xlfn.XMATCH(_xlpm.key,_xlpm.kdb,0),_xlpm.row,INDEX(价格数据库!$C$3:$ZZ$2000,_xlpm.r,0),_xlpm.n,INT(COLUMNS(_xlpm.row)/2),_xlpm.p,_xlfn.CHOOSECOLS(_xlpm.row,_xlfn.SEQUENCE(,_xlpm.n,1,2)),_xlpm.q,_xlfn.CHOOSECOLS(_xlpm.row,_xlfn.SEQUENCE(,_xlpm.n,2,2)),_xlpm.mx,IFERROR(MAX(_xlfn._xlws.FILTER(_xlpm.p,_xlpm.p<>"")),""),IF(_xlpm.mx="","",INDEX(_xlpm.q,_xlfn.XMATCH(_xlpm.mx,_xlpm.p,0,-1))))} -> 41 | L9: =J9-H9 -> 247 | M9: =(D9-H9)/H9 -> 0.07 | N9: =(E9-I9)/I9 -> 0.12820513 | O9: =IFERROR(N9/M9,"") -> 1.8315018 | P9: =IF(O9="","",IF(O9>0,"只卖不买",IF(O9>-0.3,"只卖不买",IF(O9>=-1.5,"交易区",IF(O9>=-2.5,"谨慎","危险盘"))))) -> 只卖不买 | Q9: =(D9-F9)/F9 -> 0.04002287 | R9: =(E9-G9)/G9 -> -0.043478261 | S9: =IFERROR(R9/Q9,"") -> -1.0863354 | T9: =IF(S9="","",IF(S9>0,"只卖不买",IF(S9>-0.3,"只卖不买",IF(S9>=-1.5,"交易区",IF(S9>=-2.5,"谨慎","危险盘"))))) -> 交易区 | U9: =IF(D9=H9,"历史最低","")
B10: 龙骑 | C10: 武器 | D10: {=_xlfn.LET(_xlpm.key,$B10&"|"&$C10,_xlpm.kdb,价格数据库!$A$3:$A$2000&"|"&价格数据库!$B$3:$B$2000,_xlpm.r,_xlfn.XMATCH(_xlpm.key,_xlpm.kdb,0),_xlpm.row,INDEX(价格数据库!$C$3:$ZZ$2000,_xlpm.r,0),_xlpm.n,INT(COLUMNS(_xlpm.row)/2),_xlpm.p,_xlfn.CHOOSECOLS(_xlpm.row,_xlfn.SEQUENCE(,_xlpm.n,1,2)),IFERROR(LOOKUP(2,1/(_xlpm.p<>""),_xlpm.p),""))} -> 1890 | E10: {=_xlfn.LET(_xlpm.key,$B10&"|"&$C10,_xlpm.kdb,价格数据库!$A$3:$A$2000&"|"&价格数据库!$B$3:$B$2000,_xlpm.r,_xlfn.XMATCH(_xlpm.key,_xlpm.kdb,0),_xlpm.row,INDEX(价格数据库!$C$3:$ZZ$2000,_xlpm.r,0),_xlpm.n,INT(COLUMNS(_xlpm.row)/2),_xlpm.p,_xlfn.CHOOSECOLS(_xlpm.row,_xlfn.SEQUENCE(,_xlpm.n,1,2)),_xlpm.q,_xlfn.CHOOSECOLS(_xlpm.row,_xlfn.SEQUENCE(,_xlpm.n,2,2)),_xlpm.lp,IFERROR(LOOKUP(2,1/(_xlpm.p<>""),_xlpm.p),""),IF(_xlpm.lp="","",INDEX(_xlpm.q,_xlfn.XMATCH(_xlpm.lp,_xlpm.p,0,-1))))} -> 36 | F10: {=_xlfn.LET(_xlpm.key,$B10&"|"&$C10,_xlpm.kdb,价格数据库!$A:$A&"|"&价格数据库!$B:$B,_xlpm.r,_xlfn.XMATCH(_xlpm.key,_xlpm.kdb,0),_xlpm.row,INDEX(价格数据库!$C:$ZZ,_xlpm.r,0),_xlpm.n,INT(COLUMNS(_xlpm.row)/2),_xlpm.p,_xlfn.CHOOSECOLS(_xlpm.row,_xlfn.SEQUENCE(,_xlpm.n,1,2)),_xlpm.pos,_xlfn._xlws.FILTER(_xlfn.SEQUENCE(,COLUMNS(_xlpm.p)),_xlpm.p<>""),IFERROR(INDEX(_xlpm.p,1,INDEX(_xlpm.pos,1,COLUMNS(_xlpm.pos)-1)),""))} -> 1929 | G10: {=_xlfn.LET(_xlpm.key,$B10&"|"&$C10,_xlpm.kdb,价格数据库!$A:$A&"|"&价格数据库!$B:$B,_xlpm.r,_xlfn.XMATCH(_xlpm.key,_xlpm.kdb,0),_xlpm.row,INDEX(价格数据库!$C:$ZZ,_xlpm.r,0),_xlpm.n,INT(COLUMNS(_xlpm.row)/2),_xlpm.q,_xlfn.CHOOSECOLS(_xlpm.row,_xlfn.SEQUENCE(,_xlpm.n,2,2)),_xlpm.pos,_xlfn._xlws.FILTER(_xlfn.SEQUENCE(,COLUMNS(_xlpm.q)),_xlpm.q<>""),IFERROR(INDEX(_xlpm.q,1,INDEX(_xlpm.pos,1,COLUMNS(_xlpm.pos)-1)),""))} -> 37 | H10: {=_xlfn.LET(_xlpm.key,$B10&"|"&$C10,_xlpm.kdb,价格数据库!$A$3:$A$2000&"|"&价格数据库!$B$3:$B$2000,_xlpm.r,_xlfn.XMATCH(_xlpm.key,_xlpm.kdb,0),_xlpm.row,INDEX(价格数据库!$C$3:$ZZ$2000,_xlpm.r,0),_xlpm.n,INT(COLUMNS(_xlpm.row)/2),_xlpm.p,_xlfn.CHOOSECOLS(_xlpm.row,_xlfn.SEQUENCE(,_xlpm.n,1,2)),IFERROR(MIN(_xlfn._xlws.FILTER(_xlpm.p,_xlpm.p<>"")),""))} -> 1799 | I10: {=_xlfn.LET(_xlpm.key,$B10&"|"&$C10,_xlpm.kdb,价格数据库!$A$3:$A$2000&"|"&价格数据库!$B$3:$B$2000,_xlpm.r,_xlfn.XMATCH(_xlpm.key,_xlpm.kdb,0),_xlpm.row,INDEX(价格数据库!$C$3:$ZZ$2000,_xlpm.r,0),_xlpm.n,INT(COLUMNS(_xlpm.row)/2),_xlpm.p,_xlfn.CHOOSECOLS(_xlpm.row,_xlfn.SEQUENCE(,_xlpm.n,1,2)),_xlpm.q,_xlfn.CHOOSECOLS(_xlpm.row,_xlfn.SEQUENCE(,_xlpm.n,2,2)),_xlpm.mp,IFERROR(MIN(_xlfn._xlws.FILTER(_xlpm.p,_xlpm.p<>"")),""),IF(_xlpm.mp="","",INDEX(_xlpm.q,_xlfn.XMATCH(_xlpm.mp,_xlpm.p,0,-1))))} -> 38 | J10: {=_xlfn.LET(_xlpm.key,$B10&"|"&$C10,_xlpm.kdb,价格数据库!$A$3:$A$2000&"|"&价格数据库!$B$3:$B$2000,_xlpm.r,_xlfn.XMATCH(_xlpm.key,_xlpm.kdb,0),_xlpm.row,INDEX(价格数据库!$C$3:$ZZ$2000,_xlpm.r,0),_xlpm.n,INT(COLUMNS(_xlpm.row)/2),_xlpm.p,_xlfn.CHOOSECOLS(_xlpm.row,_xlfn.SEQUENCE(,_xlpm.n,1,2)),IFERROR(MAX(_xlfn._xlws.FILTER(_xlpm.p,_xlpm.p<>"")),""))} -> 1996 | K10: {=_xlfn.LET(_xlpm.key,$B10&"|"&$C10,_xlpm.kdb,价格数据库!$A$3:$A$2000&"|"&价格数据库!$B$3:$B$2000,_xlpm.r,_xlfn.XMATCH(_xlpm.key,_xlpm.kdb,0),_xlpm.row,INDEX(价格数据库!$C$3:$ZZ$2000,_xlpm.r,0),_xlpm.n,INT(COLUMNS(_xlpm.row)/2),_xlpm.p,_xlfn.CHOOSECOLS(_xlpm.row,_xlfn.SEQUENCE(,_xlpm.n,1,2)),_xlpm.q,_xlfn.CHOOSECOLS(_xlpm.row,_xlfn.SEQUENCE(,_xlpm.n,2,2)),_xlpm.mx,IFERROR(MAX(_xlfn._xlws.FILTER(_xlpm.p,_xlpm.p<>"")),""),IF(_xlpm.mx="","",INDEX(_xlpm.q,_xlfn.XMATCH(_xlpm.mx,_xlpm.p,0,-1))))} -> 33 | L10: =J10-H10 -> 197 | M10: =(D10-H10)/H10 -> 0.050583658 | N10: =(E10-I10)/I10 -> -0.052631579 | O10: =IFERROR(N10/M10,"") -> -1.0404858 | P10: =IF(O10="","",IF(O10>0,"只卖不买",IF(O10>-0.3,"只卖不买",IF(O10>=-1.5,"交易区",IF(O10>=-2.5,"谨慎","危险盘"))))) -> 交易区 | Q10: =(D10-F10)/F10 -> -0.020217729 | R10: =(E10-G10)/G10 -> -0.027027027 | S10: =IFERROR(R10/Q10,"") -> 1.3367983 | T10: =IF(S10="","",IF(S10>0,"只卖不买",IF(S10>-0.3,"只卖不买",IF(S10>=-1.5,"交易区",IF(S10>=-2.5,"谨慎","危险盘"))))) -> 只卖不买 | U10: =IF(D10=H10,"历史最低","")
B11: DK | C11: 武器 | D11: {=_xlfn.LET(_xlpm.key,$B11&"|"&$C11,_xlpm.kdb,价格数据库!$A$3:$A$2000&"|"&价格数据库!$B$3:$B$2000,_xlpm.r,_xlfn.XMATCH(_xlpm.key,_xlpm.kdb,0),_xlpm.row,INDEX(价格数据库!$C$3:$ZZ$2000,_xlpm.r,0),_xlpm.n,INT(COLUMNS(_xlpm.row)/2),_xlpm.p,_xlfn.CHOOSECOLS(_xlpm.row,_xlfn.SEQUENCE(,_xlpm.n,1,2)),IFERROR(LOOKUP(2,1/(_xlpm.p<>""),_xlpm.p),""))} -> 1550 | E11: {=_xlfn.LET(_xlpm.key,$B11&"|"&$C11,_xlpm.kdb,价格数据库!$A$3:$A$2000&"|"&价格数据库!$B$3:$B$2000,_xlpm.r,_xlfn.XMATCH(_xlpm.key,_xlpm.kdb,0),_xlpm.row,INDEX(价格数据库!$C$3:$ZZ$2000,_xlpm.r,0),_xlpm.n,INT(COLUMNS(_xlpm.row)/2),_xlpm.p,_xlfn.CHOOSECOLS(_xlpm.row,_xlfn.SEQUENCE(,_xlpm.n,1,2)),_xlpm.q,_xlfn.CHOOSECOLS(_xlpm.row,_xlfn.SEQUENCE(,_xlpm.n,2,2)),_xlpm.lp,IFERROR(LOOKUP(2,1/(_xlpm.p<>""),_xlpm.p),""),IF(_xlpm.lp="","",INDEX(_xlpm.q,_xlfn.XMATCH(_xlpm.lp,_xlpm.p,0,-1))))} -> 47 | F11: {=_xlfn.LET(_xlpm.key,$B11&"|"&$C11,_xlpm.kdb,价格数据库!$A:$A&"|"&价格数据库!$B:$B,_xlpm.r,_xlfn.XMATCH(_xlpm.key,_xlpm.kdb,0),_xlpm.row,INDEX(价格数据库!$C:$ZZ,_xlpm.r,0),_xlpm.n,INT(COLUMNS(_xlpm.row)/2),_xlpm.p,_xlfn.CHOOSECOLS(_xlpm.row,_xlfn.SEQUENCE(,_xlpm.n,1,2)),_xlpm.pos,_xlfn._xlws.FILTER(_xlfn.SEQUENCE(,COLUMNS(_xlpm.p)),_xlpm.p<>""),IFERROR(INDEX(_xlpm.p,1,INDEX(_xlpm.pos,1,COLUMNS(_xlpm.pos)-1)),""))} -> 1538 | G11: {=_xlfn.LET(_xlpm.key,$B11&"|"&$C11,_xlpm.kdb,价格数据库!$A:$A&"|"&价格数据库!$B:$B,_xlpm.r,_xlfn.XMATCH(_xlpm.key,_xlpm.kdb,0),_xlpm.row,INDEX(价格数据库!$C:$ZZ,_xlpm.r,0),_xlpm.n,INT(COLUMNS(_xlpm.row)/2),_xlpm.q,_xlfn.CHOOSECOLS(_xlpm.row,_xlfn.SEQUENCE(,_xlpm.n,2,2)),_xlpm.pos,_xlfn._xlws.FILTER(_xlfn.SEQUENCE(,COLUMNS(_xlpm.q)),_xlpm.q<>""),IFERROR(INDEX(_xlpm.q,1,INDEX(_xlpm.pos,1,COLUMNS(_xlpm.pos)-1)),""))} -> 51 | H11: {=_xlfn.LET(_xlpm.key,$B11&"|"&$C11,_xlpm.kdb,价格数据库!$A$3:$A$2000&"|"&价格数据库!$B$3:$B$2000,_xlpm.r,_xlfn.XMATCH(_xlpm.key,_xlpm.kdb,0),_xlpm.row,INDEX(价格数据库!$C$3:$ZZ$2000,_xlpm.r,0),_xlpm.n,INT(COLUMNS(_xlpm.row)/2),_xlpm.p,_xlfn.CHOOSECOLS(_xlpm.row,_xlfn.SEQUENCE(,_xlpm.n,1,2)),IFERROR(MIN(_xlfn._xlws.FILTER(_xlpm.p,_xlpm.p<>"")),""))} -> 1488 | I11: {=_xlfn.LET(_xlpm.key,$B11&"|"&$C11,_xlpm.kdb,价格数据库!$A$3:$A$2000&"|"&价格数据库!$B$3:$B$2000,_xlpm.r,_xlfn.XMATCH(_xlpm.key,_xlpm.kdb,0),_xlpm.row,INDEX(价格数据库!$C$3:$ZZ$2000,_xlpm.r,0),_xlpm.n,INT(COLUMNS(_xlpm.row)/2),_xlpm.p,_xlfn.CHOOSECOLS(_xlpm.row,_xlfn.SEQUENCE(,_xlpm.n,1,2)),_xlpm.q,_xlfn.CHOOSECOLS(_xlpm.row,_xlfn.SEQUENCE(,_xlpm.n,2,2)),_xlpm.mp,IFERROR(MIN(_xlfn._xlws.FILTER(_xlpm.p,_xlpm.p<>"")),""),IF(_xlpm.mp="","",INDEX(_xlpm.q,_xlfn.XMATCH(_xlpm.mp,_xlpm.p,0,-1))))} -> 54 | J11: {=_xlfn.LET(_xlpm.key,$B11&"|"&$C11,_xlpm.kdb,价格数据库!$A$3:$A$2000&"|"&价格数据库!$B$3:$B$2000,_xlpm.r,_xlfn.XMATCH(_xlpm.key,_xlpm.kdb,0),_xlpm.row,INDEX(价格数据库!$C$3:$ZZ$2000,_xlpm.r,0),_xlpm.n,INT(COLUMNS(_xlpm.row)/2),_xlpm.p,_xlfn.CHOOSECOLS(_xlpm.row,_xlfn.SEQUENCE(,_xlpm.n,1,2)),IFERROR(MAX(_xlfn._xlws.FILTER(_xlpm.p,_xlpm.p<>"")),""))} -> 1698 | K11: {=_xlfn.LET(_xlpm.key,$B11&"|"&$C11,_xlpm.kdb,价格数据库!$A$3:$A$2000&"|"&价格数据库!$B$3:$B$2000,_xlpm.r,_xlfn.XMATCH(_xlpm.key,_xlpm.kdb,0),_xlpm.row,INDEX(价格数据库!$C$3:$ZZ$2000,_xlpm.r,0),_xlpm.n,INT(COLUMNS(_xlpm.row)/2),_xlpm.p,_xlfn.CHOOSECOLS(_xlpm.row,_xlfn.SEQUENCE(,_xlpm.n,1,2)),_xlpm.q,_xlfn.CHOOSECOLS(_xlpm.row,_xlfn.SEQUENCE(,_xlpm.n,2,2)),_xlpm.mx,IFERROR(MAX(_xlfn._xlws.FILTER(_xlpm.p,_xlpm.p<>"")),""),IF(_xlpm.mx="","",INDEX(_xlpm.q,_xlfn.XMATCH(_xlpm.mx,_xlpm.p,0,-1))))} -> 40 | L11: =J11-H11 -> 210 | M11: =(D11-H11)/H11 -> 0.041666667 | N11: =(E11-I11)/I11 -> -0.12962963 | O11: =IFERROR(N11/M11,"") -> -3.1111111 | P11: =IF(O11="","",IF(O11>0,"只卖不买",IF(O11>-0.3,"只卖不买",IF(O11>=-1.5,"交易区",IF(O11>=-2.5,"谨慎","危险盘"))))) -> 危险盘 | Q11: =(D11-F11)/F11 -> 0.0078023407 | R11: =(E11-G11)/G11 -> -0.078431373 | S11: =IFERROR(R11/Q11,"") -> -10.052288 | T11: =IF(S11="","",IF(S11>0,"只卖不买",IF(S11>-0.3,"只卖不买",IF(S11>=-1.5,"交易区",IF(S11>=-2.5,"谨慎","危险盘"))))) -> 危险盘 | U11: =IF(D11=H11,"历史最低","")
B12: 小黑 | C12: 武器 | D12: {=_xlfn.LET(_xlpm.key,$B12&"|"&$C12,_xlpm.kdb,价格数据库!$A$3:$A$2000&"|"&价格数据库!$B$3:$B$2000,_xlpm.r,_xlfn.XMATCH(_xlpm.key,_xlpm.kdb,0),_xlpm.row,INDEX(价格数据库!$C$3:$ZZ$2000,_xlpm.r,0),_xlpm.n,INT(COLUMNS(_xlpm.row)/2),_xlpm.p,_xlfn.CHOOSECOLS(_xlpm.row,_xlfn.SEQUENCE(,_xlpm.n,1,2)),IFERROR(LOOKUP(2,1/(_xlpm.p<>""),_xlpm.p),""))} -> 1900 | E12: {=_xlfn.LET(_xlpm.key,$B12&"|"&$C12,_xlpm.kdb,价格数据库!$A$3:$A$2000&"|"&价格数据库!$B$3:$B$2000,_xlpm.r,_xlfn.XMATCH(_xlpm.key,_xlpm.kdb,0),_xlpm.row,INDEX(价格数据库!$C$3:$ZZ$2000,_xlpm.r,0),_xlpm.n,INT(COLUMNS(_xlpm.row)/2),_xlpm.p,_xlfn.CHOOSECOLS(_xlpm.row,_xlfn.SEQUENCE(,_xlpm.n,1,2)),_xlpm.q,_xlfn.CHOOSECOLS(_xlpm.row,_xlfn.SEQUENCE(,_xlpm.n,2,2)),_xlpm.lp,IFERROR(LOOKUP(2,1/(_xlpm.p<>""),_xlpm.p),""),IF(_xlpm.lp="","",INDEX(_xlpm.q,_xlfn.XMATCH(_xlpm.lp,_xlpm.p,0,-1))))} -> 39 | F12: {=_xlfn.LET(_xlpm.key,$B12&"|"&$C12,_xlpm.kdb,价格数据库!$A:$A&"|"&价格数据库!$B:$B,_xlpm.r,_xlfn.XMATCH(_xlpm.key,_xlpm.kdb,0),_xlpm.row,INDEX(价格数据库!$C:$ZZ,_xlpm.r,0),_xlpm.n,INT(COLUMNS(_xlpm.row)/2),_xlpm.p,_xlfn.CHOOSECOLS(_xlpm.row,_xlfn.SEQUENCE(,_xlpm.n,1,2)),_xlpm.pos,_xlfn._xlws.FILTER(_xlfn.SEQUENCE(,COLUMNS(_xlpm.p)),_xlpm.p<>""),IFERROR(INDEX(_xlpm.p,1,INDEX(_xlpm.pos,1,COLUMNS(_xlpm.pos)-1)),""))} -> 1954 | G12: {=_xlfn.LET(_xlpm.key,$B12&"|"&$C12,_xlpm.kdb,价格数据库!$A:$A&"|"&价格数据库!$B:$B,_xlpm.r,_xlfn.XMATCH(_xlpm.key,_xlpm.kdb,0),_xlpm.row,INDEX(价格数据库!$C:$ZZ,_xlpm.r,0),_xlpm.n,INT(COLUMNS(_xlpm.row)/2),_xlpm.q,_xlfn.CHOOSECOLS(_xlpm.row,_xlfn.SEQUENCE(,_xlpm.n,2,2)),_xlpm.pos,_xlfn._xlws.FILTER(_xlfn.SEQUENCE(,COLUMNS(_xlpm.q)),_xlpm.q<>""),IFERROR(INDEX(_xlpm.q,1,INDEX(_xlpm.pos,1,COLUMNS(_xlpm.pos)-1)),""))} -> 39 | H12: {=_xlfn.LET(_xlpm.key,$B12&"|"&$C12,_xlpm.kdb,价格数据库!$A$3:$A$2000&"|"&价格数据库!$B$3:$B$2000,_xlpm.r,_xlfn.XMATCH(_xlpm.key,_xlpm.kdb,0),_xlpm.row,INDEX(价格数据库!$C$3:$ZZ$2000,_xlpm.r,0),_xlpm.n,INT(COLUMNS(_xlpm.row)/2),_xlpm.p,_xlfn.CHOOSECOLS(_xlpm.row,_xlfn.SEQUENCE(,_xlpm.n,1,2)),IFERROR(MIN(_xlfn._xlws.FILTER(_xlpm.p,_xlpm.p<>"")),""))} -> 1880 | I12: {=_xlfn.LET(_xlpm.key,$B12&"|"&$C12,_xlpm.kdb,价格数据库!$A$3:$A$2000&"|"&价格数据库!$B$3:$B$2000,_xlpm.r,_xlfn.XMATCH(_xlpm.key,_xlpm.kdb,0),_xlpm.row,INDEX(价格数据库!$C$3:$ZZ$2000,_xlpm.r,0),_xlpm.n,INT(COLUMNS(_xlpm.row)/2),_xlpm.p,_xlfn.CHOOSECOLS(_xlpm.row,_xlfn.SEQUENCE(,_xlpm.n,1,2)),_xlpm.q,_xlfn.CHOOSECOLS(_xlpm.row,_xlfn.SEQUENCE(,_xlpm.n,2,2)),_xlpm.mp,IFERROR(MIN(_xlfn._xlws.FILTER(_xlpm.p,_xlpm.p<>"")),""),IF(_xlpm.mp="","",INDEX(_xlpm.q,_xlfn.XMATCH(_xlpm.mp,_xlpm.p,0,-1))))} -> 38 | J12: {=_xlfn.LET(_xlpm.key,$B12&"|"&$C12,_xlpm.kdb,价格数据库!$A$3:$A$2000&"|"&价格数据库!$B$3:$B$2000,_xlpm.r,_xlfn.XMATCH(_xlpm.key,_xlpm.kdb,0),_xlpm.row,INDEX(价格数据库!$C$3:$ZZ$2000,_xlpm.r,0),_xlpm.n,INT(COLUMNS(_xlpm.row)/2),_xlpm.p,_xlfn.CHOOSECOLS(_xlpm.row,_xlfn.SEQUENCE(,_xlpm.n,1,2)),IFERROR(MAX(_xlfn._xlws.FILTER(_xlpm.p,_xlpm.p<>"")),""))} -> 2139 | K12: {=_xlfn.LET(_xlpm.key,$B12&"|"&$C12,_xlpm.kdb,价格数据库!$A$3:$A$2000&"|"&价格数据库!$B$3:$B$2000,_xlpm.r,_xlfn.XMATCH(_xlpm.key,_xlpm.kdb,0),_xlpm.row,INDEX(价格数据库!$C$3:$ZZ$2000,_xlpm.r,0),_xlpm.n,INT(COLUMNS(_xlpm.row)/2),_xlpm.p,_xlfn.CHOOSECOLS(_xlpm.row,_xlfn.SEQUENCE(,_xlpm.n,1,2)),_xlpm.q,_xlfn.CHOOSECOLS(_xlpm.row,_xlfn.SEQUENCE(,_xlpm.n,2,2)),_xlpm.mx,IFERROR(MAX(_xlfn._xlws.FILTER(_xlpm.p,_xlpm.p<>"")),""),IF(_xlpm.mx="","",INDEX(_xlpm.q,_xlfn.XMATCH(_xlpm.mx,_xlpm.p,0,-1))))} -> 31 | L12: =J12-H12 -> 259 | M12: =(D12-H12)/H12 -> 0.010638298 | N12: =(E12-I12)/I12 -> 0.026315789 | O12: =IFERROR(N12/M12,"") -> 2.4736842 | P12: =IF(O12="","",IF(O12>0,"只卖不买",IF(O12>-0.3,"只卖不买",IF(O12>=-1.5,"交易区",IF(O12>=-2.5,"谨慎","危险盘"))))) -> 只卖不买 | Q12: =(D12-F12)/F12 -> -0.027635619 | R12: =(E12-G12)/G12 -> 0 | S12: =IFERROR(R12/Q12,"") -> 0 | T12: =IF(S12="","",IF(S12>0,"只卖不买",IF(S12>-0.3,"只卖不买",IF(S12>=-1.5,"交易区",IF(S12>=-2.5,"谨慎","危险盘"))))) -> 只卖不买 | U12: =IF(D12=H12,"历史最低","")
B13: 海民 | C13: 副手 | D13: {=_xlfn.LET(_xlpm.key,$B13&"|"&$C13,_xlpm.kdb,价格数据库!$A$3:$A$2000&"|"&价格数据库!$B$3:$B$2000,_xlpm.r,_xlfn.XMATCH(_xlpm.key,_xlpm.kdb,0),_xlpm.row,INDEX(价格数据库!$C$3:$ZZ$2000,_xlpm.r,0),_xlpm.n,INT(COLUMNS(_xlpm.row)/2),_xlpm.p,_xlfn.CHOOSECOLS(_xlpm.row,_xlfn.SEQUENCE(,_xlpm.n,1,2)),IFERROR(LOOKUP(2,1/(_xlpm.p<>""),_xlpm.p),""))} -> 1800 | E13: {=_xlfn.LET(_xlpm.key,$B13&"|"&$C13,_xlpm.kdb,价格数据库!$A$3:$A$2000&"|"&价格数据库!$B$3:$B$2000,_xlpm.r,_xlfn.XMATCH(_xlpm.key,_xlpm.kdb,0),_xlpm.row,INDEX(价格数据库!$C$3:$ZZ$2000,_xlpm.r,0),_xlpm.n,INT(COLUMNS(_xlpm.row)/2),_xlpm.p,_xlfn.CHOOSECOLS(_xlpm.row,_xlfn.SEQUENCE(,_xlpm.n,1,2)),_xlpm.q,_xlfn.CHOOSECOLS(_xlpm.row,_xlfn.SEQUENCE(,_xlpm.n,2,2)),_xlpm.lp,IFERROR(LOOKUP(2,1/(_xlpm.p<>""),_xlpm.p),""),IF(_xlpm.lp="","",INDEX(_xlpm.q,_xlfn.XMATCH(_xlpm.lp,_xlpm.p,0,-1))))} -> 34 | F13: {=_xlfn.LET(_xlpm.key,$B13&"|"&$C13,_xlpm.kdb,价格数据库!$A:$A&"|"&价格数据库!$B:$B,_xlpm.r,_xlfn.XMATCH(_xlpm.key,_xlpm.kdb,0),_xlpm.row,INDEX(价格数据库!$C:$ZZ,_xlpm.r,0),_xlpm.n,INT(COLUMNS(_xlpm.row)/2),_xlpm.p,_xlfn.CHOOSECOLS(_xlpm.row,_xlfn.SEQUENCE(,_xlpm.n,1,2)),_xlpm.pos,_xlfn._xlws.FILTER(_xlfn.SEQUENCE(,COLUMNS(_xlpm.p)),_xlpm.p<>""),IFERROR(INDEX(_xlpm.p,1,INDEX(_xlpm.pos,1,COLUMNS(_xlpm.pos)-1)),""))} -> 1949 | G13: {=_xlfn.LET(_xlpm.key,$B13&"|"&$C13,_xlpm.kdb,价格数据库!$A:$A&"|"&价格数据库!$B:$B,_xlpm.r,_xlfn.XMATCH(_xlpm.key,_xlpm.kdb,0),_xlpm.row,INDEX(价格数据库!$C:$ZZ,_xlpm.r,0),_xlpm.n,INT(COLUMNS(_xlpm.row)/2),_xlpm.q,_xlfn.CHOOSECOLS(_xlpm.row,_xlfn.SEQUENCE(,_xlpm.n,2,2)),_xlpm.pos,_xlfn._xlws.FILTER(_xlfn.SEQUENCE(,COLUMNS(_xlpm.q)),_xlpm.q<>""),IFERROR(INDEX(_xlpm.q,1,INDEX(_xlpm.pos,1,COLUMNS(_xlpm.pos)-1)),""))} -> 32 | H13: {=_xlfn.LET(_xlpm.key,$B13&"|"&$C13,_xlpm.kdb,价格数据库!$A$3:$A$2000&"|"&价格数据库!$B$3:$B$2000,_xlpm.r,_xlfn.XMATCH(_xlpm.key,_xlpm.kdb,0),_xlpm.row,INDEX(价格数据库!$C$3:$ZZ$2000,_xlpm.r,0),_xlpm.n,INT(COLUMNS(_xlpm.row)/2),_xlpm.p,_xlfn.CHOOSECOLS(_xlpm.row,_xlfn.SEQUENCE(,_xlpm.n,1,2)),IFERROR(MIN(_xlfn._xlws.FILTER(_xlpm.p,_xlpm.p<>"")),""))} -> 1800 | I13: {=_xlfn.LET(_xlpm.key,$B13&"|"&$C13,_xlpm.kdb,价格数据库!$A$3:$A$2000&"|"&价格数据库!$B$3:$B$2000,_xlpm.r,_xlfn.XMATCH(_xlpm.key,_xlpm.kdb,0),_xlpm.row,INDEX(价格数据库!$C$3:$ZZ$2000,_xlpm.r,0),_xlpm.n,INT(COLUMNS(_xlpm.row)/2),_xlpm.p,_xlfn.CHOOSECOLS(_xlpm.row,_xlfn.SEQUENCE(,_xlpm.n,1,2)),_xlpm.q,_xlfn.CHOOSECOLS(_xlpm.row,_xlfn.SEQUENCE(,_xlpm.n,2,2)),_xlpm.mp,IFERROR(MIN(_xlfn._xlws.FILTER(_xlpm.p,_xlpm.p<>"")),""),IF(_xlpm.mp="","",INDEX(_xlpm.q,_xlfn.XMATCH(_xlpm.mp,_xlpm.p,0,-1))))} -> 34 | J13: {=_xlfn.LET(_xlpm.key,$B13&"|"&$C13,_xlpm.kdb,价格数据库!$A$3:$A$2000&"|"&价格数据库!$B$3:$B$2000,_xlpm.r,_xlfn.XMATCH(_xlpm.key,_xlpm.kdb,0),_xlpm.row,INDEX(价格数据库!$C$3:$ZZ$2000,_xlpm.r,0),_xlpm.n,INT(COLUMNS(_xlpm.row)/2),_xlpm.p,_xlfn.CHOOSECOLS(_xlpm.row,_xlfn.SEQUENCE(,_xlpm.n,1,2)),IFERROR(MAX(_xlfn._xlws.FILTER(_xlpm.p,_xlpm.p<>"")),""))} -> 2200 | K13: {=_xlfn.LET(_xlpm.key,$B13&"|"&$C13,_xlpm.kdb,价格数据库!$A$3:$A$2000&"|"&价格数据库!$B$3:$B$2000,_xlpm.r,_xlfn.XMATCH(_xlpm.key,_xlpm.kdb,0),_xlpm.row,INDEX(价格数据库!$C$3:$ZZ$2000,_xlpm.r,0),_xlpm.n,INT(COLUMNS(_xlpm.row)/2),_xlpm.p,_xlfn.CHOOSECOLS(_xlpm.row,_xlfn.SEQUENCE(,_xlpm.n,1,2)),_xlpm.q,_xlfn.CHOOSECOLS(_xlpm.row,_xlfn.SEQUENCE(,_xlpm.n,2,2)),_xlpm.mx,IFERROR(MAX(_xlfn._xlws.FILTER(_xlpm.p,_xlpm.p<>"")),""),IF(_xlpm.mx="","",INDEX(_xlpm.q,_xlfn.XMATCH(_xlpm.mx,_xlpm.p,0,-1))))} -> 28 | L13: =J13-H13 -> 400 | M13: =(D13-H13)/H13 -> 0 | N13: =(E13-I13)/I13 -> 0 | O13: =IFERROR(N13/M13,"") | P13: =IF(O13="","",IF(O13>0,"只卖不买",IF(O13>-0.3,"只卖不买",IF(O13>=-1.5,"交易区",IF(O13>=-2.5,"谨慎","危险盘"))))) | Q13: =(D13-F13)/F13 -> -0.076449461 | R13: =(E13-G13)/G13 -> 0.0625 | S13: =IFERROR(R13/Q13,"") -> -0.81753356 | T13: =IF(S13="","",IF(S13>0,"只卖不买",IF(S13>-0.3,"只卖不买",IF(S13>=-1.5,"交易区",IF(S13>=-2.5,"谨慎","危险盘"))))) -> 交易区 | U13: =IF(D13=H13,"历史最低","") -> 历史最低
B14: 酒仙 | C14: 副手 | D14: {=_xlfn.LET(_xlpm.key,$B14&"|"&$C14,_xlpm.kdb,价格数据库!$A$3:$A$2000&"|"&价格数据库!$B$3:$B$2000,_xlpm.r,_xlfn.XMATCH(_xlpm.key,_xlpm.kdb,0),_xlpm.row,INDEX(价格数据库!$C$3:$ZZ$2000,_xlpm.r,0),_xlpm.n,INT(COLUMNS(_xlpm.row)/2),_xlpm.p,_xlfn.CHOOSECOLS(_xlpm.row,_xlfn.SEQUENCE(,_xlpm.n,1,2)),IFERROR(LOOKUP(2,1/(_xlpm.p<>""),_xlpm.p),""))} -> 3766 | E14: {=_xlfn.LET(_xlpm.key,$B14&"|"&$C14,_xlpm.kdb,价格数据库!$A$3:$A$2000&"|"&价格数据库!$B$3:$B$2000,_xlpm.r,_xlfn.XMATCH(_xlpm.key,_xlpm.kdb,0),_xlpm.row,INDEX(价格数据库!$C$3:$ZZ$2000,_xlpm.r,0),_xlpm.n,INT(COLUMNS(_xlpm.row)/2),_xlpm.p,_xlfn.CHOOSECOLS(_xlpm.row,_xlfn.SEQUENCE(,_xlpm.n,1,2)),_xlpm.q,_xlfn.CHOOSECOLS(_xlpm.row,_xlfn.SEQUENCE(,_xlpm.n,2,2)),_xlpm.lp,IFERROR(LOOKUP(2,1/(_xlpm.p<>""),_xlpm.p),""),IF(_xlpm.lp="","",INDEX(_xlpm.q,_xlfn.XMATCH(_xlpm.lp,_xlpm.p,0,-1))))} -> 16 | F14: {=_xlfn.LET(_xlpm.key,$B14&"|"&$C14,_xlpm.kdb,价格数据库!$A:$A&"|"&价格数据库!$B:$B,_xlpm.r,_xlfn.XMATCH(_xlpm.key,_xlpm.kdb,0),_xlpm.row,INDEX(价格数据库!$C:$ZZ,_xlpm.r,0),_xlpm.n,INT(COLUMNS(_xlpm.row)/2),_xlpm.p,_xlfn.CHOOSECOLS(_xlpm.row,_xlfn.SEQUENCE(,_xlpm.n,1,2)),_xlpm.pos,_xlfn._xlws.FILTER(_xlfn.SEQUENCE(,COLUMNS(_xlpm.p)),_xlpm.p<>""),IFERROR(INDEX(_xlpm.p,1,INDEX(_xlpm.pos,1,COLUMNS(_xlpm.pos)-1)),""))} -> 3900 | G14: {=_xlfn.LET(_xlpm.key,$B14&"|"&$C14,_xlpm.kdb,价格数据库!$A:$A&"|"&价格数据库!$B:$B,_xlpm.r,_xlfn.XMATCH(_xlpm.key,_xlpm.kdb,0),_xlpm.row,INDEX(价格数据库!$C:$ZZ,_xlpm.r,0),_xlpm.n,INT(COLUMNS(_xlpm.row)/2),_xlpm.q,_xlfn.CHOOSECOLS(_xlpm.row,_xlfn.SEQUENCE(,_xlpm.n,2,2)),_xlpm.pos,_xlfn._xlws.FILTER(_xlfn.SEQUENCE(,COLUMNS(_xlpm.q)),_xlpm.q<>""),IFERROR(INDEX(_xlpm.q,1,INDEX(_xlpm.pos,1,COLUMNS(_xlpm.pos)-1)),""))} -> 14 | H14: {=_xlfn.LET(_xlpm.key,$B14&"|"&$C14,_xlpm.kdb,价格数据库!$A$3:$A$2000&"|"&价格数据库!$B$3:$B$2000,_xlpm.r,_xlfn.XMATCH(_xlpm.key,_xlpm.kdb,0),_xlpm.row,INDEX(价格数据库!$C$3:$ZZ$2000,_xlpm.r,0),_xlpm.n,INT(COLUMNS(_xlpm.row)/2),_xlpm.p,_xlfn.CHOOSECOLS(_xlpm.row,_xlfn.SEQUENCE(,_xlpm.n,1,2)),IFERROR(MIN(_xlfn._xlws.FILTER(_xlpm.p,_xlpm.p<>"")),""))} -> 3766 | I14: {=_xlfn.LET(_xlpm.key,$B14&"|"&$C14,_xlpm.kdb,价格数据库!$A$3:$A$2000&"|"&价格数据库!$B$3:$B$2000,_xlpm.r,_xlfn.XMATCH(_xlpm.key,_xlpm.kdb,0),_xlpm.row,INDEX(价格数据库!$C$3:$ZZ$2000,_xlpm.r,0),_xlpm.n,INT(COLUMNS(_xlpm.row)/2),_xlpm.p,_xlfn.CHOOSECOLS(_xlpm.row,_xlfn.SEQUENCE(,_xlpm.n,1,2)),_xlpm.q,_xlfn.CHOOSECOLS(_xlpm.row,_xlfn.SEQUENCE(,_xlpm.n,2,2)),_xlpm.mp,IFERROR(MIN(_xlfn._xlws.FILTER(_xlpm.p,_xlpm.p<>"")),""),IF(_xlpm.mp="","",INDEX(_xlpm.q,_xlfn.XMATCH(_xlpm.mp,_xlpm.p,0,-1))))} -> 16 | J14: {=_xlfn.LET(_xlpm.key,$B14&"|"&$C14,_xlpm.kdb,价格数据库!$A$3:$A$2000&"|"&价格数据库!$B$3:$B$2000,_xlpm.r,_xlfn.XMATCH(_xlpm.key,_xlpm.kdb,0),_xlpm.row,INDEX(价格数据库!$C$3:$ZZ$2000,_xlpm.r,0),_xlpm.n,INT(COLUMNS(_xlpm.row)/2),_xlpm.p,_xlfn.CHOOSECOLS(_xlpm.row,_xlfn.SEQUENCE(,_xlpm.n,1,2)),IFERROR(MAX(_xlfn._xlws.FILTER(_xlpm.p,_xlpm.p<>"")),""))} -> 4700 | K14: {=_xlfn.LET(_xlpm.key,$B14&"|"&$C14,_xlpm.kdb,价格数据库!$A$3:$A$2000&"|"&价格数据库!$B$3:$B$2000,_xlpm.r,_xlfn.XMATCH(_xlpm.key,_xlpm.kdb,0),_xlpm.row,INDEX(价格数据库!$C$3:$ZZ$2000,_xlpm.r,0),_xlpm.n,INT(COLUMNS(_xlpm.row)/2),_xlpm.p,_xlfn.CHOOSECOLS(_xlpm.row,_xlfn.SEQUENCE(,_xlpm.n,1,2)),_xlpm.q,_xlfn.CHOOSECOLS(_xlpm.row,_xlfn.SEQUENCE(,_xlpm.n,2,2)),_xlpm.mx,IFERROR(MAX(_xlfn._xlws.FILTER(_xlpm.p,_xlpm.p<>"")),""),IF(_xlpm.mx="","",INDEX(_xlpm.q,_xlfn.XMATCH(_xlpm.mx,_xlpm.p,0,-1))))} -> 14 | L14: =J14-H14 -> 934 | M14: =(D14-H14)/H14 -> 0 | N14: =(E14-I14)/I14 -> 0 | O14: =IFERROR(N14/M14,"") | P14: =IF(O14="","",IF(O14>0,"只卖不买",IF(O14>-0.3,"只卖不买",IF(O14>=-1.5,"交易区",IF(O14>=-2.5,"谨慎","危险盘"))))) | Q14: =(D14-F14)/F14 -> -0.034358974 | R14: =(E14-G14)/G14 -> 0.14285714 | S14: =IFERROR(R14/Q14,"") -> -4.1577825 | T14: =IF(S14="","",IF(S14>0,"只卖不买",IF(S14>-0.3,"只卖不买",IF(S14>=-1.5,"交易区",IF(S14>=-2.5,"谨慎","危险盘"))))) -> 危险盘 | U14: =IF(D14=H14,"历史最低","") -> 历史最低
B15: 冰女 | C15: 武器 | D15: {=_xlfn.LET(_xlpm.key,$B15&"|"&$C15,_xlpm.kdb,价格数据库!$A$3:$A$2000&"|"&价格数据库!$B$3:$B$2000,_xlpm.r,_xlfn.XMATCH(_xlpm.key,_xlpm.kdb,0),_xlpm.row,INDEX(价格数据库!$C$3:$ZZ$2000,_xlpm.r,0),_xlpm.n,INT(COLUMNS(_xlpm.row)/2),_xlpm.p,_xlfn.CHOOSECOLS(_xlpm.row,_xlfn.SEQUENCE(,_xlpm.n,1,2)),IFERROR(LOOKUP(2,1/(_xlpm.p<>""),_xlpm.p),""))} -> 8500 | E15: {=_xlfn.LET(_xlpm.key,$B15&"|"&$C15,_xlpm.kdb,价格数据库!$A$3:$A$2000&"|"&价格数据库!$B$3:$B$2000,_xlpm.r,_xlfn.XMATCH(_xlpm.key,_xlpm.kdb,0),_xlpm.row,INDEX(价格数据库!$C$3:$ZZ$2000,_xlpm.r,0),_xlpm.n,INT(COLUMNS(_xlpm.row)/2),_xlpm.p,_xlfn.CHOOSECOLS(_xlpm.row,_xlfn.SEQUENCE(,_xlpm.n,1,2)),_xlpm.q,_xlfn.CHOOSECOLS(_xlpm.row,_xlfn.SEQUENCE(,_xlpm.n,2,2)),_xlpm.lp,IFERROR(LOOKUP(2,1/(_xlpm.p<>""),_xlpm.p),""),IF(_xlpm.lp="","",INDEX(_xlpm.q,_xlfn.XMATCH(_xlpm.lp,_xlpm.p,0,-1))))} -> 8 | F15: {=_xlfn.LET(_xlpm.key,$B15&"|"&$C15,_xlpm.kdb,价格数据库!$A:$A&"|"&价格数据库!$B:$B,_xlpm.r,_xlfn.XMATCH(_xlpm.key,_xlpm.kdb,0),_xlpm.row,INDEX(价格数据库!$C:$ZZ,_xlpm.r,0),_xlpm.n,INT(COLUMNS(_xlpm.row)/2),_xlpm.p,_xlfn.CHOOSECOLS(_xlpm.row,_xlfn.SEQUENCE(,_xlpm.n,1,2)),_xlpm.pos,_xlfn._xlws.FILTER(_xlfn.SEQUENCE(,COLUMNS(_xlpm.p)),_xlpm.p<>""),IFERROR(INDEX(_xlpm.p,1,INDEX(_xlpm.pos,1,COLUMNS(_xlpm.pos)-1)),""))} -> 8500 | G15: {=_xlfn.LET(_xlpm.key,$B15&"|"&$C15,_xlpm.kdb,价格数据库!$A:$A&"|"&价格数据库!$B:$B,_xlpm.r,_xlfn.XMATCH(_xlpm.key,_xlpm.kdb,0),_xlpm.row,INDEX(价格数据库!$C:$ZZ,_xlpm.r,0),_xlpm.n,INT(COLUMNS(_xlpm.row)/2),_xlpm.q,_xlfn.CHOOSECOLS(_xlpm.row,_xlfn.SEQUENCE(,_xlpm.n,2,2)),_xlpm.pos,_xlfn._xlws.FILTER(_xlfn.SEQUENCE(,COLUMNS(_xlpm.q)),_xlpm.q<>""),IFERROR(INDEX(_xlpm.q,1,INDEX(_xlpm.pos,1,COLUMNS(_xlpm.pos)-1)),""))} -> 8 | H15: {=_xlfn.LET(_xlpm.key,$B15&"|"&$C15,_xlpm.kdb,价格数据库!$A$3:$A$2000&"|"&价格数据库!$B$3:$B$2000,_xlpm.r,_xlfn.XMATCH(_xlpm.key,_xlpm.kdb,0),_xlpm.row,INDEX(价格数据库!$C$3:$ZZ$2000,_xlpm.r,0),_xlpm.n,INT(COLUMNS(_xlpm.row)/2),_xlpm.p,_xlfn.CHOOSECOLS(_xlpm.row,_xlfn.SEQUENCE(,_xlpm.n,1,2)),IFERROR(MIN(_xlfn._xlws.FILTER(_xlpm.p,_xlpm.p<>"")),""))} -> 8500 | I15: {=_xlfn.LET(_xlpm.key,$B15&"|"&$C15,_xlpm.kdb,价格数据库!$A$3:$A$2000&"|"&价格数据库!$B$3:$B$2000,_xlpm.r,_xlfn.XMATCH(_xlpm.key,_xlpm.kdb,0),_xlpm.row,INDEX(价格数据库!$C$3:$ZZ$2000,_xlpm.r,0),_xlpm.n,INT(COLUMNS(_xlpm.row)/2),_xlpm.p,_xlfn.CHOOSECOLS(_xlpm.row,_xlfn.SEQUENCE(,_xlpm.n,1,2)),_xlpm.q,_xlfn.CHOOSECOLS(_xlpm.row,_xlfn.SEQUENCE(,_xlpm.n,2,2)),_xlpm.mp,IFERROR(MIN(_xlfn._xlws.FILTER(_xlpm.p,_xlpm.p<>"")),""),IF(_xlpm.mp="","",INDEX(_xlpm.q,_xlfn.XMATCH(_xlpm.mp,_xlpm.p,0,-1))))} -> 8 | J15: {=_xlfn.LET(_xlpm.key,$B15&"|"&$C15,_xlpm.kdb,价格数据库!$A$3:$A$2000&"|"&价格数据库!$B$3:$B$2000,_xlpm.r,_xlfn.XMATCH(_xlpm.key,_xlpm.kdb,0),_xlpm.row,INDEX(价格数据库!$C$3:$ZZ$2000,_xlpm.r,0),_xlpm.n,INT(COLUMNS(_xlpm.row)/2),_xlpm.p,_xlfn.CHOOSECOLS(_xlpm.row,_xlfn.SEQUENCE(,_xlpm.n,1,2)),IFERROR(MAX(_xlfn._xlws.FILTER(_xlpm.p,_xlpm.p<>"")),""))} -> 10000 | K15: {=_xlfn.LET(_xlpm.key,$B15&"|"&$C15,_xlpm.kdb,价格数据库!$A$3:$A$2000&"|"&价格数据库!$B$3:$B$2000,_xlpm.r,_xlfn.XMATCH(_xlpm.key,_xlpm.kdb,0),_xlpm.row,INDEX(价格数据库!$C$3:$ZZ$2000,_xlpm.r,0),_xlpm.n,INT(COLUMNS(_xlpm.row)/2),_xlpm.p,_xlfn.CHOOSECOLS(_xlpm.row,_xlfn.SEQUENCE(,_xlpm.n,1,2)),_xlpm.q,_xlfn.CHOOSECOLS(_xlpm.row,_xlfn.SEQUENCE(,_xlpm.n,2,2)),_xlpm.mx,IFERROR(MAX(_xlfn._xlws.FILTER(_xlpm.p,_xlpm.p<>"")),""),IF(_xlpm.mx="","",INDEX(_xlpm.q,_xlfn.XMATCH(_xlpm.mx,_xlpm.p,0,-1))))} -> 6 | L15: =J15-H15 -> 1500 | M15: =(D15-H15)/H15 -> 0 | N15: =(E15-I15)/I15 -> 0 | O15: =IFERROR(N15/M15,"") | P15: =IF(O15="","",IF(O15>0,"只卖不买",IF(O15>-0.3,"只卖不买",IF(O15>=-1.5,"交易区",IF(O15>=-2.5,"谨慎","危险盘"))))) | Q15: =(D15-F15)/F15 -> 0 | R15: =(E15-G15)/G15 -> 0 | S15: =IFERROR(R15/Q15,"") | T15: =IF(S15="","",IF(S15>0,"只卖不买",IF(S15>-0.3,"只卖不买",IF(S15>=-1.5,"交易区",IF(S15>=-2.5,"谨慎","危险盘"))))) | U15: =IF(D15=H15,"历史最低","") -> 历史最低
B17: 英雄 | C17: 部位 | D17: 目前价格 | E17: 目前数量 | F17: 上期价格 | G17: 上期数量 | H17: 最低价格 | I17: 最低数量 | J17: 列2 | K17: 价格同比 | L17: 数量同比 | M17: 同比弹性 | N17: 同比评价 | O17: 价格环比 | P17: 数量环比 | Q17: 环比弹性 | R17: 环比评价 | S17: 列3 | T17: 最高价格 | U17: 最高数量
B18: 蓝猫 | C18: 头 | D18: {=_xlfn.LET(_xlpm.key,$B18&"|"&$C18,_xlpm.kdb,价格数据库!$A$3:$A$2000&"|"&价格数据库!$B$3:$B$2000,_xlpm.r,_xlfn.XMATCH(_xlpm.key,_xlpm.kdb,0),_xlpm.row,INDEX(价格数据库!$C$3:$ZZ$2000,_xlpm.r,0),_xlpm.n,INT(COLUMNS(_xlpm.row)/2),_xlpm.p,_xlfn.CHOOSECOLS(_xlpm.row,_xlfn.SEQUENCE(,_xlpm.n,1,2)),IFERROR(LOOKUP(2,1/(_xlpm.p<>""),_xlpm.p),""))} -> 0 | E18: {=_xlfn.LET(_xlpm.key,$B18&"|"&$C18,_xlpm.kdb,价格数据库!$A$3:$A$2000&"|"&价格数据库!$B$3:$B$2000,_xlpm.r,_xlfn.XMATCH(_xlpm.key,_xlpm.kdb,0),_xlpm.row,INDEX(价格数据库!$C$3:$ZZ$2000,_xlpm.r,0),_xlpm.n,INT(COLUMNS(_xlpm.row)/2),_xlpm.p,_xlfn.CHOOSECOLS(_xlpm.row,_xlfn.SEQUENCE(,_xlpm.n,1,2)),_xlpm.q,_xlfn.CHOOSECOLS(_xlpm.row,_xlfn.SEQUENCE(,_xlpm.n,2,2)),_xlpm.lp,IFERROR(LOOKUP(2,1/(_xlpm.p<>""),_xlpm.p),""),IF(_xlpm.lp="","",INDEX(_xlpm.q,_xlfn.XMATCH(_xlpm.lp,_xlpm.p,0,-1))))} -> 0 | F18: {=_xlfn.LET(_xlpm.key,$B18&"|"&$C18,_xlpm.kdb,价格数据库!$A:$A&"|"&价格数据库!$B:$B,_xlpm.r,_xlfn.XMATCH(_xlpm.key,_xlpm.kdb,0),_xlpm.row,INDEX(价格数据库!$C:$ZZ,_xlpm.r,0),_xlpm.n,INT(COLUMNS(_xlpm.row)/2),_xlpm.p,_xlfn.CHOOSECOLS(_xlpm.row,_xlfn.SEQUENCE(,_xlpm.n,1,2)),_xlpm.pos,_xlfn._xlws.FILTER(_xlfn.SEQUENCE(,COLUMNS(_xlpm.p)),_xlpm.p<>""),IFERROR(INDEX(_xlpm.p,1,INDEX(_xlpm.pos,1,COLUMNS(_xlpm.pos)-1)),""))} -> 0 | G18: {=_xlfn.LET(_xlpm.key,$B18&"|"&$C18,_xlpm.kdb,价格数据库!$A:$A&"|"&价格数据库!$B:$B,_xlpm.r,_xlfn.XMATCH(_xlpm.key,_xlpm.kdb,0),_xlpm.row,INDEX(价格数据库!$C:$ZZ,_xlpm.r,0),_xlpm.n,INT(COLUMNS(_xlpm.row)/2),_xlpm.q,_xlfn.CHOOSECOLS(_xlpm.row,_xlfn.SEQUENCE(,_xlpm.n,2,2)),_xlpm.pos,_xlfn._xlws.FILTER(_xlfn.SEQUENCE(,COLUMNS(_xlpm.q)),_xlpm.q<>""),IFERROR(INDEX(_xlpm.q,1,INDEX(_xlpm.pos,1,COLUMNS(_xlpm.pos)-1)),""))} -> 0 | H18: {=_xlfn.LET(_xlpm.key,$B18&"|"&$C18,_xlpm.kdb,价格数据库!$A$3:$A$2000&"|"&价格数据库!$B$3:$B$2000,_xlpm.r,_xlfn.XMATCH(_xlpm.key,_xlpm.kdb,0),_xlpm.row,INDEX(价格数据库!$C$3:$ZZ$2000,_xlpm.r,0),_xlpm.n,INT(COLUMNS(_xlpm.row)/2),_xlpm.p,_xlfn.CHOOSECOLS(_xlpm.row,_xlfn.SEQUENCE(,_xlpm.n,1,2)),IFERROR(MIN(_xlfn._xlws.FILTER(_xlpm.p,_xlpm.p<>"")),""))} -> 0 | I18: {=_xlfn.LET(_xlpm.key,$B18&"|"&$C18,_xlpm.kdb,价格数据库!$A$3:$A$2000&"|"&价格数据库!$B$3:$B$2000,_xlpm.r,_xlfn.XMATCH(_xlpm.key,_xlpm.kdb,0),_xlpm.row,INDEX(价格数据库!$C$3:$ZZ$2000,_xlpm.r,0),_xlpm.n,INT(COLUMNS(_xlpm.row)/2),_xlpm.p,_xlfn.CHOOSECOLS(_xlpm.row,_xlfn.SEQUENCE(,_xlpm.n,1,2)),_xlpm.q,_xlfn.CHOOSECOLS(_xlpm.row,_xlfn.SEQUENCE(,_xlpm.n,2,2)),_xlpm.mp,IFERROR(MIN(_xlfn._xlws.FILTER(_xlpm.p,_xlpm.p<>"")),""),IF(_xlpm.mp="","",INDEX(_xlpm.q,_xlfn.XMATCH(_xlpm.mp,_xlpm.p,0,-1))))} -> 0 | J18: =IF(D18=H18,"历史最低","") -> 历史最低 | K18: =(D18-H18)/H18 -> #DIV/0! | L18: =(E18-I18)/I18 -> #DIV/0! | M18: =IFERROR(L18/K18,"") | N18: =IF(M18="","",IF(M18>0,"只卖不买",IF(M18>-0.3,"只卖不买",IF(M18>=-1.5,"交易区",IF(M18>=-2.5,"谨慎","危险盘"))))) | O18: =(D18-F18)/F18 -> #DIV/0! | P18: =(E18-G18)/G18 -> #DIV/0! | Q18: =IFERROR(P18/O18,"") | R18: =IF(Q18="","",IF(Q18>0,"只卖不买",IF(Q18>-0.3,"只卖不买",IF(Q18>=-1.5,"交易区",IF(Q18>=-2.5,"谨慎","危险盘"))))) | S18: =IF(AND(N18="交易区",R18="交易区"),"双绿","") | T18: {=_xlfn.LET(_xlpm.key,$B18&"|"&$C18,_xlpm.kdb,价格数据库!$A$3:$A$2000&"|"&价格数据库!$B$3:$B$2000,_xlpm.r,_xlfn.XMATCH(_xlpm.key,_xlpm.kdb,0),_xlpm.row,INDEX(价格数据库!$C$3:$ZZ$2000,_xlpm.r,0),_xlpm.n,INT(COLUMNS(_xlpm.row)/2),_xlpm.p,_xlfn.CHOOSECOLS(_xlpm.row,_xlfn.SEQUENCE(,_xlpm.n,1,2)),IFERROR(MAX(_xlfn._xlws.FILTER(_xlpm.p,_xlpm.p<>"")),""))} -> 150000 | U18: {=_xlfn.LET(_xlpm.key,$B18&"|"&$C18,_xlpm.kdb,价格数据库!$A$3:$A$2000&"|"&价格数据库!$B$3:$B$2000,_xlpm.r,_xlfn.XMATCH(_xlpm.key,_xlpm.kdb,0),_xlpm.row,INDEX(价格数据库!$C$3:$ZZ$2000,_xlpm.r,0),_xlpm.n,INT(COLUMNS(_xlpm.row)/2),_xlpm.p,_xlfn.CHOOSECOLS(_xlpm.row,_xlfn.SEQUENCE(,_xlpm.n,1,2)),_xlpm.q,_xlfn.CHOOSECOLS(_xlpm.row,_xlfn.SEQUENCE(,_xlpm.n,2,2)),_xlpm.mx,IFERROR(MAX(_xlfn._xlws.FILTER(_xlpm.p,_xlpm.p<>"")),""),IF(_xlpm.mx="","",INDEX(_xlpm.q,_xlfn.XMATCH(_xlpm.mx,_xlpm.p,0,-1))))} -> 1
B19: 小鱼 | C19: 武器 | D19: {=_xlfn.LET(_xlpm.key,$B19&"|"&$C19,_xlpm.kdb,价格数据库!$A$3:$A$2000&"|"&价格数据库!$B$3:$B$2000,_xlpm.r,_xlfn.XMATCH(_xlpm.key,_xlpm.kdb,0),_xlpm.row,INDEX(价格数据库!$C$3:$ZZ$2000,_xlpm.r,0),_xlpm.n,INT(COLUMNS(_xlpm.row)/2),_xlpm.p,_xlfn.CHOOSECOLS(_xlpm.row,_xlfn.SEQUENCE(,_xlpm.n,1,2)),IFERROR(LOOKUP(2,1/(_xlpm.p<>""),_xlpm.p),""))} -> 27000 | E19: {=_xlfn.LET(_xlpm.key,$B19&"|"&$C19,_xlpm.kdb,价格数据库!$A$3:$A$2000&"|"&价格数据库!$B$3:$B$2000,_xlpm.r,_xlfn.XMATCH(_xlpm.key,_xlpm.kdb,0),_xlpm.row,INDEX(价格数据库!$C$3:$ZZ$2000,_xlpm.r,0),_xlpm.n,INT(COLUMNS(_xlpm.row)/2),_xlpm.p,_xlfn.CHOOSECOLS(_xlpm.row,_xlfn.SEQUENCE(,_xlpm.n,1,2)),_xlpm.q,_xlfn.CHOOSECOLS(_xlpm.row,_xlfn.SEQUENCE(,_xlpm.n,2,2)),_xlpm.lp,IFERROR(LOOKUP(2,1/(_xlpm.p<>""),_xlpm.p),""),IF(_xlpm.lp="","",INDEX(_xlpm.q,_xlfn.XMATCH(_xlpm.lp,_xlpm.p,0,-1))))} -> 2 | F19: {=_xlfn.LET(_xlpm.key,$B19&"|"&$C19,_xlpm.kdb,价格数据库!$A:$A&"|"&价格数据库!$B:$B,_xlpm.r,_xlfn.XMATCH(_xlpm.key,_xlpm.kdb,0),_xlpm.row,INDEX(价格数据库!$C:$ZZ,_xlpm.r,0),_xlpm.n,INT(COLUMNS(_xlpm.row)/2),_xlpm.p,_xlfn.CHOOSECOLS(_xlpm.row,_xlfn.SEQUENCE(,_xlpm.n,1,2)),_xlpm.pos,_xlfn._xlws.FILTER(_xlfn.SEQUENCE(,COLUMNS(_xlpm.p)),_xlpm.p<>""),IFERROR(INDEX(_xlpm.p,1,INDEX(_xlpm.pos,1,COLUMNS(_xlpm.pos)-1)),""))} -> 27000 | G19: {=_xlfn.LET(_xlpm.key,$B19&"|"&$C19,_xlpm.kdb,价格数据库!$A:$A&"|"&价格数据库!$B:$B,_xlpm.r,_xlfn.XMATCH(_xlpm.key,_xlpm.kdb,0),_xlpm.row,INDEX(价格数据库!$C:$ZZ,_xlpm.r,0),_xlpm.n,INT(COLUMNS(_xlpm.row)/2),_xlpm.q,_xlfn.CHOOSECOLS(_xlpm.row,_xlfn.SEQUENCE(,_xlpm.n,2,2)),_xlpm.pos,_xlfn._xlws.FILTER(_xlfn.SEQUENCE(,COLUMNS(_xlpm.q)),_xlpm.q<>""),IFERROR(INDEX(_xlpm.q,1,INDEX(_xlpm.pos,1,COLUMNS(_xlpm.pos)-1)),""))} -> 3 | H19: {=_xlfn.LET(_xlpm.key,$B19&"|"&$C19,_xlpm.kdb,价格数据库!$A$3:$A$2000&"|"&价格数据库!$B$3:$B$2000,_xlpm.r,_xlfn.XMATCH(_xlpm.key,_xlpm.kdb,0),_xlpm.row,INDEX(价格数据库!$C$3:$ZZ$2000,_xlpm.r,0),_xlpm.n,INT(COLUMNS(_xlpm.row)/2),_xlpm.p,_xlfn.CHOOSECOLS(_xlpm.row,_xlfn.SEQUENCE(,_xlpm.n,1,2)),IFERROR(MIN(_xlfn._xlws.FILTER(_xlpm.p,_xlpm.p<>"")),""))} -> 15200 | I19: {=_xlfn.LET(_xlpm.key,$B19&"|"&$C19,_xlpm.kdb,价格数据库!$A$3:$A$2000&"|"&价格数据库!$B$3:$B$2000,_xlpm.r,_xlfn.XMATCH(_xlpm.key,_xlpm.kdb,0),_xlpm.row,INDEX(价格数据库!$C$3:$ZZ$2000,_xlpm.r,0),_xlpm.n,INT(COLUMNS(_xlpm.row)/2),_xlpm.p,_xlfn.CHOOSECOLS(_xlpm.row,_xlfn.SEQUENCE(,_xlpm.n,1,2)),_xlpm.q,_xlfn.CHOOSECOLS(_xlpm.row,_xlfn.SEQUENCE(,_xlpm.n,2,2)),_xlpm.mp,IFERROR(MIN(_xlfn._xlws.FILTER(_xlpm.p,_xlpm.p<>"")),""),IF(_xlpm.mp="","",INDEX(_xlpm.q,_xlfn.XMATCH(_xlpm.mp,_xlpm.p,0,-1))))} -> 8 | J19: =IF(D19=H19,"历史最低","") | K19: =(D19-H19)/H19 -> 0.77631579 | L19: =(E19-I19)/I19 -> -0.75 | M19: =IFERROR(L19/K19,"") -> -0.96610169 | N19: =IF(M19="","",IF(M19>0,"只卖不买",IF(M19>-0.3,"只卖不买",IF(M19>=-1.5,"交易区",IF(M19>=-2.5,"谨慎","危险盘"))))) -> 交易区 | O19: =(D19-F19)/F19 -> 0 | P19: =(E19-G19)/G19 -> -0.33333333 | Q19: =IFERROR(P19/O19,"") | R19: =IF(Q19="","",IF(Q19>0,"只卖不买",IF(Q19>-0.3,"只卖不买",IF(Q19>=-1.5,"交易区",IF(Q19>=-2.5,"谨慎","危险盘"))))) | S19: =IF(AND(N19="交易区",R19="交易区"),"双绿","") | T19: {=_xlfn.LET(_xlpm.key,$B19&"|"&$C19,_xlpm.kdb,价格数据库!$A$3:$A$2000&"|"&价格数据库!$B$3:$B$2000,_xlpm.r,_xlfn.XMATCH(_xlpm.key,_xlpm.kdb,0),_xlpm.row,INDEX(价格数据库!$C$3:$ZZ$2000,_xlpm.r,0),_xlpm.n,INT(COLUMNS(_xlpm.row)/2),_xlpm.p,_xlfn.CHOOSECOLS(_xlpm.row,_xlfn.SEQUENCE(,_xlpm.n,1,2)),IFERROR(MAX(_xlfn._xlws.FILTER(_xlpm.p,_xlpm.p<>"")),""))} -> 27000 | U19: {=_xlfn.LET(_xlpm.key,$B19&"|"&$C19,_xlpm.kdb,价格数据库!$A$3:$A$2000&"|"&价格数据库!$B$3:$B$2000,_xlpm.r,_xlfn.XMATCH(_xlpm.key,_xlpm.kdb,0),_xlpm.row,INDEX(价格数据库!$C$3:$ZZ$2000,_xlpm.r,0),_xlpm.n,INT(COLUMNS(_xlpm.row)/2),_xlpm.p,_xlfn.CHOOSECOLS(_xlpm.row,_xlfn.SEQUENCE(,_xlpm.n,1,2)),_xlpm.q,_xlfn.CHOOSECOLS(_xlpm.row,_xlfn.SEQUENCE(,_xlpm.n,2,2)),_xlpm.mx,IFERROR(MAX(_xlfn._xlws.FILTER(_xlpm.p,_xlpm.p<>"")),""),IF(_xlpm.mx="","",INDEX(_xlpm.q,_xlfn.XMATCH(_xlpm.mx,_xlpm.p,0,-1))))} -> 2
B20: 潮汐 | C20: 武器 | D20: {=_xlfn.LET(_xlpm.key,$B20&"|"&$C20,_xlpm.kdb,价格数据库!$A$3:$A$2000&"|"&价格数据库!$B$3:$B$2000,_xlpm.r,_xlfn.XMATCH(_xlpm.key,_xlpm.kdb,0),_xlpm.row,INDEX(价格数据库!$C$3:$ZZ$2000,_xlpm.r,0),_xlpm.n,INT(COLUMNS(_xlpm.row)/2),_xlpm.p,_xlfn.CHOOSECOLS(_xlpm.row,_xlfn.SEQUENCE(,_xlpm.n,1,2)),IFERROR(LOOKUP(2,1/(_xlpm.p<>""),_xlpm.p),""))} -> 32500 | E20: {=_xlfn.LET(_xlpm.key,$B20&"|"&$C20,_xlpm.kdb,价格数据库!$A$3:$A$2000&"|"&价格数据库!$B$3:$B$2000,_xlpm.r,_xlfn.XMATCH(_xlpm.key,_xlpm.kdb,0),_xlpm.row,INDEX(价格数据库!$C$3:$ZZ$2000,_xlpm.r,0),_xlpm.n,INT(COLUMNS(_xlpm.row)/2),_xlpm.p,_xlfn.CHOOSECOLS(_xlpm.row,_xlfn.SEQUENCE(,_xlpm.n,1,2)),_xlpm.q,_xlfn.CHOOSECOLS(_xlpm.row,_xlfn.SEQUENCE(,_xlpm.n,2,2)),_xlpm.lp,IFERROR(LOOKUP(2,1/(_xlpm.p<>""),_xlpm.p),""),IF(_xlpm.lp="","",INDEX(_xlpm.q,_xlfn.XMATCH(_xlpm.lp,_xlpm.p,0,-1))))} -> 3 | F20: {=_xlfn.LET(_xlpm.key,$B20&"|"&$C20,_xlpm.kdb,价格数据库!$A:$A&"|"&价格数据库!$B:$B,_xlpm.r,_xlfn.XMATCH(_xlpm.key,_xlpm.kdb,0),_xlpm.row,INDEX(价格数据库!$C:$ZZ,_xlpm.r,0),_xlpm.n,INT(COLUMNS(_xlpm.row)/2),_xlpm.p,_xlfn.CHOOSECOLS(_xlpm.row,_xlfn.SEQUENCE(,_xlpm.n,1,2)),_xlpm.pos,_xlfn._xlws.FILTER(_xlfn.SEQUENCE(,COLUMNS(_xlpm.p)),_xlpm.p<>""),IFERROR(INDEX(_xlpm.p,1,INDEX(_xlpm.pos,1,COLUMNS(_xlpm.pos)-1)),""))} -> 20000 | G20: {=_xlfn.LET(_xlpm.key,$B20&"|"&$C20,_xlpm.kdb,价格数据库!$A:$A&"|"&价格数据库!$B:$B,_xlpm.r,_xlfn.XMATCH(_xlpm.key,_xlpm.kdb,0),_xlpm.row,INDEX(价格数据库!$C:$ZZ,_xlpm.r,0),_xlpm.n,INT(COLUMNS(_xlpm.row)/2),_xlpm.q,_xlfn.CHOOSECOLS(_xlpm.row,_xlfn.SEQUENCE(,_xlpm.n,2,2)),_xlpm.pos,_xlfn._xlws.FILTER(_xlfn.SEQUENCE(,COLUMNS(_xlpm.q)),_xlpm.q<>""),IFERROR(INDEX(_xlpm.q,1,INDEX(_xlpm.pos,1,COLUMNS(_xlpm.pos)-1)),""))} -> 4 | H20: {=_xlfn.LET(_xlpm.key,$B20&"|"&$C20,_xlpm.kdb,价格数据库!$A$3:$A$2000&"|"&价格数据库!$B$3:$B$2000,_xlpm.r,_xlfn.XMATCH(_xlpm.key,_xlpm.kdb,0),_xlpm.row,INDEX(价格数据库!$C$3:$ZZ$2000,_xlpm.r,0),_xlpm.n,INT(COLUMNS(_xlpm.row)/2),_xlpm.p,_xlfn.CHOOSECOLS(_xlpm.row,_xlfn.SEQUENCE(,_xlpm.n,1,2)),IFERROR(MIN(_xlfn._xlws.FILTER(_xlpm.p,_xlpm.p<>"")),""))} -> 20000 | I20: {=_xlfn.LET(_xlpm.key,$B20&"|"&$C20,_xlpm.kdb,价格数据库!$A$3:$A$2000&"|"&价格数据库!$B$3:$B$2000,_xlpm.r,_xlfn.XMATCH(_xlpm.key,_xlpm.kdb,0),_xlpm.row,INDEX(价格数据库!$C$3:$ZZ$2000,_xlpm.r,0),_xlpm.n,INT(COLUMNS(_xlpm.row)/2),_xlpm.p,_xlfn.CHOOSECOLS(_xlpm.row,_xlfn.SEQUENCE(,_xlpm.n,1,2)),_xlpm.q,_xlfn.CHOOSECOLS(_xlpm.row,_xlfn.SEQUENCE(,_xlpm.n,2,2)),_xlpm.mp,IFERROR(MIN(_xlfn._xlws.FILTER(_xlpm.p,_xlpm.p<>"")),""),IF(_xlpm.mp="","",INDEX(_xlpm.q,_xlfn.XMATCH(_xlpm.mp,_xlpm.p,0,-1))))} -> 4 | J20: =IF(D20=H20,"历史最低","") | K20: =(D20-H20)/H20 -> 0.625 | L20: =(E20-I20)/I20 -> -0.25 | M20: =IFERROR(L20/K20,"") -> -0.4 | N20: =IF(M20="","",IF(M20>0,"只卖不买",IF(M20>-0.3,"只卖不买",IF(M20>=-1.5,"交易区",IF(M20>=-2.5,"谨慎","危险盘"))))) -> 交易区 | O20: =(D20-F20)/F20 -> 0.625 | P20: =(E20-G20)/G20 -> -0.25 | Q20: =IFERROR(P20/O20,"") -> -0.4 | R20: =IF(Q20="","",IF(Q20>0,"只卖不买",IF(Q20>-0.3,"只卖不买",IF(Q20>=-1.5,"交易区",IF(Q20>=-2.5,"谨慎","危险盘"))))) -> 交易区 | S20: =IF(AND(N20="交易区",R20="交易区"),"双绿","") -> 双绿 | T20: {=_xlfn.LET(_xlpm.key,$B20&"|"&$C20,_xlpm.kdb,价格数据库!$A$3:$A$2000&"|"&价格数据库!$B$3:$B$2000,_xlpm.r,_xlfn.XMATCH(_xlpm.key,_xlpm.kdb,0),_xlpm.row,INDEX(价格数据库!$C$3:$ZZ$2000,_xlpm.r,0),_xlpm.n,INT(COLUMNS(_xlpm.row)/2),_xlpm.p,_xlfn.CHOOSECOLS(_xlpm.row,_xlfn.SEQUENCE(,_xlpm.n,1,2)),IFERROR(MAX(_xlfn._xlws.FILTER(_xlpm.p,_xlpm.p<>"")),""))} -> 32500 | U20: {=_xlfn.LET(_xlpm.key,$B20&"|"&$C20,_xlpm.kdb,价格数据库!$A$3:$A$2000&"|"&价格数据库!$B$3:$B$2000,_xlpm.r,_xlfn.XMATCH(_xlpm.key,_xlpm.kdb,0),_xlpm.row,INDEX(价格数据库!$C$3:$ZZ$2000,_xlpm.r,0),_xlpm.n,INT(COLUMNS(_xlpm.row)/2),_xlpm.p,_xlfn.CHOOSECOLS(_xlpm.row,_xlfn.SEQUENCE(,_xlpm.n,1,2)),_xlpm.q,_xlfn.CHOOSECOLS(_xlpm.row,_xlfn.SEQUENCE(,_xlpm.n,2,2)),_xlpm.mx,IFERROR(MAX(_xlfn._xlws.FILTER(_xlpm.p,_xlpm.p<>"")),""),IF(_xlpm.mx="","",INDEX(_xlpm.q,_xlfn.XMATCH(_xlpm.mx,_xlpm.p,0,-1))))} -> 3
B21: 小小 | C21: 武器 | D21: {=_xlfn.LET(_xlpm.key,$B21&"|"&$C21,_xlpm.kdb,价格数据库!$A$3:$A$2000&"|"&价格数据库!$B$3:$B$2000,_xlpm.r,_xlfn.XMATCH(_xlpm.key,_xlpm.kdb,0),_xlpm.row,INDEX(价格数据库!$C$3:$ZZ$2000,_xlpm.r,0),_xlpm.n,INT(COLUMNS(_xlpm.row)/2),_xlpm.p,_xlfn.CHOOSECOLS(_xlpm.row,_xlfn.SEQUENCE(,_xlpm.n,1,2)),IFERROR(LOOKUP(2,1/(_xlpm.p<>""),_xlpm.p),""))} -> 22000 | E21: {=_xlfn.LET(_xlpm.key,$B21&"|"&$C21,_xlpm.kdb,价格数据库!$A$3:$A$2000&"|"&价格数据库!$B$3:$B$2000,_xlpm.r,_xlfn.XMATCH(_xlpm.key,_xlpm.kdb,0),_xlpm.row,INDEX(价格数据库!$C$3:$ZZ$2000,_xlpm.r,0),_xlpm.n,INT(COLUMNS(_xlpm.row)/2),_xlpm.p,_xlfn.CHOOSECOLS(_xlpm.row,_xlfn.SEQUENCE(,_xlpm.n,1,2)),_xlpm.q,_xlfn.CHOOSECOLS(_xlpm.row,_xlfn.SEQUENCE(,_xlpm.n,2,2)),_xlpm.lp,IFERROR(LOOKUP(2,1/(_xlpm.p<>""),_xlpm.p),""),IF(_xlpm.lp="","",INDEX(_xlpm.q,_xlfn.XMATCH(_xlpm.lp,_xlpm.p,0,-1))))} -> 5 | F21: {=_xlfn.LET(_xlpm.key,$B21&"|"&$C21,_xlpm.kdb,价格数据库!$A:$A&"|"&价格数据库!$B:$B,_xlpm.r,_xlfn.XMATCH(_xlpm.key,_xlpm.kdb,0),_xlpm.row,INDEX(价格数据库!$C:$ZZ,_xlpm.r,0),_xlpm.n,INT(COLUMNS(_xlpm.row)/2),_xlpm.p,_xlfn.CHOOSECOLS(_xlpm.row,_xlfn.SEQUENCE(,_xlpm.n,1,2)),_xlpm.pos,_xlfn._xlws.FILTER(_xlfn.SEQUENCE(,COLUMNS(_xlpm.p)),_xlpm.p<>""),IFERROR(INDEX(_xlpm.p,1,INDEX(_xlpm.pos,1,COLUMNS(_xlpm.pos)-1)),""))} -> 15000 | G21: {=_xlfn.LET(_xlpm.key,$B21&"|"&$C21,_xlpm.kdb,价格数据库!$A:$A&"|"&价格数据库!$B:$B,_xlpm.r,_xlfn.XMATCH(_xlpm.key,_xlpm.kdb,0),_xlpm.row,INDEX(价格数据库!$C:$ZZ,_xlpm.r,0),_xlpm.n,INT(COLUMNS(_xlpm.row)/2),_xlpm.q,_xlfn.CHOOSECOLS(_xlpm.row,_xlfn.SEQUENCE(,_xlpm.n,2,2)),_xlpm.pos,_xlfn._xlws.FILTER(_xlfn.SEQUENCE(,COLUMNS(_xlpm.q)),_xlpm.q<>""),IFERROR(INDEX(_xlpm.q,1,INDEX(_xlpm.pos,1,COLUMNS(_xlpm.pos)-1)),""))} -> 7 | H21: {=_xlfn.LET(_xlpm.key,$B21&"|"&$C21,_xlpm.kdb,价格数据库!$A$3:$A$2000&"|"&价格数据库!$B$3:$B$2000,_xlpm.r,_xlfn.XMATCH(_xlpm.key,_xlpm.kdb,0),_xlpm.row,INDEX(价格数据库!$C$3:$ZZ$2000,_xlpm.r,0),_xlpm.n,INT(COLUMNS(_xlpm.row)/2),_xlpm.p,_xlfn.CHOOSECOLS(_xlpm.row,_xlfn.SEQUENCE(,_xlpm.n,1,2)),IFERROR(MIN(_xlfn._xlws.FILTER(_xlpm.p,_xlpm.p<>"")),""))} -> 15000 | I21: {=_xlfn.LET(_xlpm.key,$B21&"|"&$C21,_xlpm.kdb,价格数据库!$A$3:$A$2000&"|"&价格数据库!$B$3:$B$2000,_xlpm.r,_xlfn.XMATCH(_xlpm.key,_xlpm.kdb,0),_xlpm.row,INDEX(价格数据库!$C$3:$ZZ$2000,_xlpm.r,0),_xlpm.n,INT(COLUMNS(_xlpm.row)/2),_xlpm.p,_xlfn.CHOOSECOLS(_xlpm.row,_xlfn.SEQUENCE(,_xlpm.n,1,2)),_xlpm.q,_xlfn.CHOOSECOLS(_xlpm.row,_xlfn.SEQUENCE(,_xlpm.n,2,2)),_xlpm.mp,IFERROR(MIN(_xlfn._xlws.FILTER(_xlpm.p,_xlpm.p<>"")),""),IF(_xlpm.mp="","",INDEX(_xlpm.q,_xlfn.XMATCH(_xlpm.mp,_xlpm.p,0,-1))))} -> 7 | J21: =IF(D21=H21,"历史最低","") | K21: =(D21-H21)/H21 -> 0.46666667 | L21: =(E21-I21)/I21 -> -0.28571429 | M21: =IFERROR(L21/K21,"") -> -0.6122449 | N21: =IF(M21="","",IF(M21>0,"只卖不买",IF(M21>-0.3,"只卖不买",IF(M21>=-1.5,"交易区",IF(M21>=-2.5,"谨慎","危险盘"))))) -> 交易区 | O21: =(D21-F21)/F21 -> 0.46666667 | P21: =(E21-G21)/G21 -> -0.28571429 | Q21: =IFERROR(P21/O21,"") -> -0.6122449 | R21: =IF(Q21="","",IF(Q21>0,"只卖不买",IF(Q21>-0.3,"只卖不买",IF(Q21>=-1.5,"交易区",IF(Q21>=-2.5,"谨慎","危险盘"))))) -> 交易区 | S21: =IF(AND(N21="交易区",R21="交易区"),"双绿","") -> 双绿 | T21: {=_xlfn.LET(_xlpm.key,$B21&"|"&$C21,_xlpm.kdb,价格数据库!$A$3:$A$2000&"|"&价格数据库!$B$3:$B$2000,_xlpm.r,_xlfn.XMATCH(_xlpm.key,_xlpm.kdb,0),_xlpm.row,INDEX(价格数据库!$C$3:$ZZ$2000,_xlpm.r,0),_xlpm.n,INT(COLUMNS(_xlpm.row)/2),_xlpm.p,_xlfn.CHOOSECOLS(_xlpm.row,_xlfn.SEQUENCE(,_xlpm.n,1,2)),IFERROR(MAX(_xlfn._xlws.FILTER(_xlpm.p,_xlpm.p<>"")),""))} -> 22000 | U21: {=_xlfn.LET(_xlpm.key,$B21&"|"&$C21,_xlpm.kdb,价格数据库!$A$3:$A$2000&"|"&价格数据库!$B$3:$B$2000,_xlpm.r,_xlfn.XMATCH(_xlpm.key,_xlpm.kdb,0),_xlpm.row,INDEX(价格数据库!$C$3:$ZZ$2000,_xlpm.r,0),_xlpm.n,INT(COLUMNS(_xlpm.row)/2),_xlpm.p,_xlfn.CHOOSECOLS(_xlpm.row,_xlfn.SEQUENCE(,_xlpm.n,1,2)),_xlpm.q,_xlfn.CHOOSECOLS(_xlpm.row,_xlfn.SEQUENCE(,_xlpm.n,2,2)),_xlpm.mx,IFERROR(MAX(_xlfn._xlws.FILTER(_xlpm.p,_xlpm.p<>"")),""),IF(_xlpm.mx="","",INDEX(_xlpm.q,_xlfn.XMATCH(_xlpm.mx,_xlpm.p,0,-1))))} -> 5
B22: 小牛 | C22: 武器 | D22: {=_xlfn.LET(_xlpm.key,$B22&"|"&$C22,_xlpm.kdb,价格数据库!$A$3:$A$2000&"|"&价格数据库!$B$3:$B$2000,_xlpm.r,_xlfn.XMATCH(_xlpm.key,_xlpm.kdb,0),_xlpm.row,INDEX(价格数据库!$C$3:$ZZ$2000,_xlpm.r,0),_xlpm.n,INT(COLUMNS(_xlpm.row)/2),_xlpm.p,_xlfn.CHOOSECOLS(_xlpm.row,_xlfn.SEQUENCE(,_xlpm.n,1,2)),IFERROR(LOOKUP(2,1/(_xlpm.p<>""),_xlpm.p),""))} -> 24000 | E22: {=_xlfn.LET(_xlpm.key,$B22&"|"&$C22,_xlpm.kdb,价格数据库!$A$3:$A$2000&"|"&价格数据库!$B$3:$B$2000,_xlpm.r,_xlfn.XMATCH(_xlpm.key,_xlpm.kdb,0),_xlpm.row,INDEX(价格数据库!$C$3:$ZZ$2000,_xlpm.r,0),_xlpm.n,INT(COLUMNS(_xlpm.row)/2),_xlpm.p,_xlfn.CHOOSECOLS(_xlpm.row,_xlfn.SEQUENCE(,_xlpm.n,1,2)),_xlpm.q,_xlfn.CHOOSECOLS(_xlpm.row,_xlfn.SEQUENCE(,_xlpm.n,2,2)),_xlpm.lp,IFERROR(LOOKUP(2,1/(_xlpm.p<>""),_xlpm.p),""),IF(_xlpm.lp="","",INDEX(_xlpm.q,_xlfn.XMATCH(_xlpm.lp,_xlpm.p,0,-1))))} -> 2 | F22: {=_xlfn.LET(_xlpm.key,$B22&"|"&$C22,_xlpm.kdb,价格数据库!$A:$A&"|"&价格数据库!$B:$B,_xlpm.r,_xlfn.XMATCH(_xlpm.key,_xlpm.kdb,0),_xlpm.row,INDEX(价格数据库!$C:$ZZ,_xlpm.r,0),_xlpm.n,INT(COLUMNS(_xlpm.row)/2),_xlpm.p,_xlfn.CHOOSECOLS(_xlpm.row,_xlfn.SEQUENCE(,_xlpm.n,1,2)),_xlpm.pos,_xlfn._xlws.FILTER(_xlfn.SEQUENCE(,COLUMNS(_xlpm.p)),_xlpm.p<>""),IFERROR(INDEX(_xlpm.p,1,INDEX(_xlpm.pos,1,COLUMNS(_xlpm.pos)-1)),""))} -> 17000 | G22: {=_xlfn.LET(_xlpm.key,$B22&"|"&$C22,_xlpm.kdb,价格数据库!$A:$A&"|"&价格数据库!$B:$B,_xlpm.r,_xlfn.XMATCH(_xlpm.key,_xlpm.kdb,0),_xlpm.row,INDEX(价格数据库!$C:$ZZ,_xlpm.r,0),_xlpm.n,INT(COLUMNS(_xlpm.row)/2),_xlpm.q,_xlfn.CHOOSECOLS(_xlpm.row,_xlfn.SEQUENCE(,_xlpm.n,2,2)),_xlpm.pos,_xlfn._xlws.FILTER(_xlfn.SEQUENCE(,COLUMNS(_xlpm.q)),_xlpm.q<>""),IFERROR(INDEX(_xlpm.q,1,INDEX(_xlpm.pos,1,COLUMNS(_xlpm.pos)-1)),""))} -> 3 | H22: {=_xlfn.LET(_xlpm.key,$B22&"|"&$C22,_xlpm.kdb,价格数据库!$A$3:$A$2000&"|"&价格数据库!$B$3:$B$2000,_xlpm.r,_xlfn.XMATCH(_xlpm.key,_xlpm.kdb,0),_xlpm.row,INDEX(价格数据库!$C$3:$ZZ$2000,_xlpm.r,0),_xlpm.n,INT(COLUMNS(_xlpm.row)/2),_xlpm.p,_xlfn.CHOOSECOLS(_xlpm.row,_xlfn.SEQUENCE(,_xlpm.n,1,2)),IFERROR(MIN(_xlfn._xlws.FILTER(_xlpm.p,_xlpm.p<>"")),""))} -> 17000 | I22: {=_xlfn.LET(_xlpm.key,$B22&"|"&$C22,_xlpm.kdb,价格数据库!$A$3:$A$2000&"|"&价格数据库!$B$3:$B$2000,_xlpm.r,_xlfn.XMATCH(_xlpm.key,_xlpm.kdb,0),_xlpm.row,INDEX(价格数据库!$C$3:$ZZ$2000,_xlpm.r,0),_xlpm.n,INT(COLUMNS(_xlpm.row)/2),_xlpm.p,_xlfn.CHOOSECOLS(_xlpm.row,_xlfn.SEQUENCE(,_xlpm.n,1,2)),_xlpm.q,_xlfn.CHOOSECOLS(_xlpm.row,_xlfn.SEQUENCE(,_xlpm.n,2,2)),_xlpm.mp,IFERROR(MIN(_xlfn._xlws.FILTER(_xlpm.p,_xlpm.p<>"")),""),IF(_xlpm.mp="","",INDEX(_xlpm.q,_xlfn.XMATCH(_xlpm.mp,_xlpm.p,0,-1))))} -> 3 | J22: =IF(D22=H22,"历史最低","") | K22: =(D22-H22)/H22 -> 0.41176471 | L22: =(E22-I22)/I22 -> -0.33333333 | M22: =IFERROR(L22/K22,"") -> -0.80952381 | N22: =IF(M22="","",IF(M22>0,"只卖不买",IF(M22>-0.3,"只卖不买",IF(M22>=-1.5,"交易区",IF(M22>=-2.5,"谨慎","危险盘"))))) -> 交易区 | O22: =(D22-F22)/F22 -> 0.41176471 | P22: =(E22-G22)/G22 -> -0.33333333 | Q22: =IFERROR(P22/O22,"") -> -0.80952381 | R22: =IF(Q22="","",IF(Q22>0,"只卖不买",IF(Q22>-0.3,"只卖不买",IF(Q22>=-1.5,"交易区",IF(Q22>=-2.5,"谨慎","危险盘"))))) -> 交易区 | S22: =IF(AND(N22="交易区",R22="交易区"),"双绿","") -> 双绿 | T22: {=_xlfn.LET(_xlpm.key,$B22&"|"&$C22,_xlpm.kdb,价格数据库!$A$3:$A$2000&"|"&价格数据库!$B$3:$B$2000,_xlpm.r,_xlfn.XMATCH(_xlpm.key,_xlpm.kdb,0),_xlpm.row,INDEX(价格数据库!$C$3:$ZZ$2000,_xlpm.r,0),_xlpm.n,INT(COLUMNS(_xlpm.row)/2),_xlpm.p,_xlfn.CHOOSECOLS(_xlpm.row,_xlfn.SEQUENCE(,_xlpm.n,1,2)),IFERROR(MAX(_xlfn._xlws.FILTER(_xlpm.p,_xlpm.p<>"")),""))} -> 24000 | U22: {=_xlfn.LET(_xlpm.key,$B22&"|"&$C22,_xlpm.kdb,价格数据库!$A$3:$A$2000&"|"&价格数据库!$B$3:$B$2000,_xlpm.r,_xlfn.XMATCH(_xlpm.key,_xlpm.kdb,0),_xlpm.row,INDEX(价格数据库!$C$3:$ZZ$2000,_xlpm.r,0),_xlpm.n,INT(COLUMNS(_xlpm.row)/2),_xlpm.p,_xlfn.CHOOSECOLS(_xlpm.row,_xlfn.SEQUENCE(,_xlpm.n,1,2)),_xlpm.q,_xlfn.CHOOSECOLS(_xlpm.row,_xlfn.SEQUENCE(,_xlpm.n,2,2)),_xlpm.mx,IFERROR(MAX(_xlfn._xlws.FILTER(_xlpm.p,_xlpm.p<>"")),""),IF(_xlpm.mx="","",INDEX(_xlpm.q,_xlfn.XMATCH(_xlpm.mx,_xlpm.p,0,-1))))} -> 2
B23: 女王 | C23: 头 | D23: {=_xlfn.LET(_xlpm.key,$B23&"|"&$C23,_xlpm.kdb,价格数据库!$A$3:$A$2000&"|"&价格数据库!$B$3:$B$2000,_xlpm.r,_xlfn.XMATCH(_xlpm.key,_xlpm.kdb,0),_xlpm.row,INDEX(价格数据库!$C$3:$ZZ$2000,_xlpm.r,0),_xlpm.n,INT(COLUMNS(_xlpm.row)/2),_xlpm.p,_xlfn.CHOOSECOLS(_xlpm.row,_xlfn.SEQUENCE(,_xlpm.n,1,2)),IFERROR(LOOKUP(2,1/(_xlpm.p<>""),_xlpm.p),""))} -> 23500 | E23: {=_xlfn.LET(_xlpm.key,$B23&"|"&$C23,_xlpm.kdb,价格数据库!$A$3:$A$2000&"|"&价格数据库!$B$3:$B$2000,_xlpm.r,_xlfn.XMATCH(_xlpm.key,_xlpm.kdb,0),_xlpm.row,INDEX(价格数据库!$C$3:$ZZ$2000,_xlpm.r,0),_xlpm.n,INT(COLUMNS(_xlpm.row)/2),_xlpm.p,_xlfn.CHOOSECOLS(_xlpm.row,_xlfn.SEQUENCE(,_xlpm.n,1,2)),_xlpm.q,_xlfn.CHOOSECOLS(_xlpm.row,_xlfn.SEQUENCE(,_xlpm.n,2,2)),_xlpm.lp,IFERROR(LOOKUP(2,1/(_xlpm.p<>""),_xlpm.p),""),IF(_xlpm.lp="","",INDEX(_xlpm.q,_xlfn.XMATCH(_xlpm.lp,_xlpm.p,0,-1))))} -> 7 | F23: {=_xlfn.LET(_xlpm.key,$B23&"|"&$C23,_xlpm.kdb,价格数据库!$A:$A&"|"&价格数据库!$B:$B,_xlpm.r,_xlfn.XMATCH(_xlpm.key,_xlpm.kdb,0),_xlpm.row,INDEX(价格数据库!$C:$ZZ,_xlpm.r,0),_xlpm.n,INT(COLUMNS(_xlpm.row)/2),_xlpm.p,_xlfn.CHOOSECOLS(_xlpm.row,_xlfn.SEQUENCE(,_xlpm.n,1,2)),_xlpm.pos,_xlfn._xlws.FILTER(_xlfn.SEQUENCE(,COLUMNS(_xlpm.p)),_xlpm.p<>""),IFERROR(INDEX(_xlpm.p,1,INDEX(_xlpm.pos,1,COLUMNS(_xlpm.pos)-1)),""))} -> 18000 | G23: {=_xlfn.LET(_xlpm.key,$B23&"|"&$C23,_xlpm.kdb,价格数据库!$A:$A&"|"&价格数据库!$B:$B,_xlpm.r,_xlfn.XMATCH(_xlpm.key,_xlpm.kdb,0),_xlpm.row,INDEX(价格数据库!$C:$ZZ,_xlpm.r,0),_xlpm.n,INT(COLUMNS(_xlpm.row)/2),_xlpm.q,_xlfn.CHOOSECOLS(_xlpm.row,_xlfn.SEQUENCE(,_xlpm.n,2,2)),_xlpm.pos,_xlfn._xlws.FILTER(_xlfn.SEQUENCE(,COLUMNS(_xlpm.q)),_xlpm.q<>""),IFERROR(INDEX(_xlpm.q,1,INDEX(_xlpm.pos,1,COLUMNS(_xlpm.pos)-1)),""))} -> 7 | H23: {=_xlfn.LET(_xlpm.key,$B23&"|"&$C23,_xlpm.kdb,价格数据库!$A$3:$A$2000&"|"&价格数据库!$B$3:$B$2000,_xlpm.r,_xlfn.XMATCH(_xlpm.key,_xlpm.kdb,0),_xlpm.row,INDEX(价格数据库!$C$3:$ZZ$2000,_xlpm.r,0),_xlpm.n,INT(COLUMNS(_xlpm.row)/2),_xlpm.p,_xlfn.CHOOSECOLS(_xlpm.row,_xlfn.SEQUENCE(,_xlpm.n,1,2)),IFERROR(MIN(_xlfn._xlws.FILTER(_xlpm.p,_xlpm.p<>"")),""))} -> 17388 | I23: {=_xlfn.LET(_xlpm.key,$B23&"|"&$C23,_xlpm.kdb,价格数据库!$A$3:$A$2000&"|"&价格数据库!$B$3:$B$2000,_xlpm.r,_xlfn.XMATCH(_xlpm.key,_xlpm.kdb,0),_xlpm.row,INDEX(价格数据库!$C$3:$ZZ$2000,_xlpm.r,0),_xlpm.n,INT(COLUMNS(_xlpm.row)/2),_xlpm.p,_xlfn.CHOOSECOLS(_xlpm.row,_xlfn.SEQUENCE(,_xlpm.n,1,2)),_xlpm.q,_xlfn.CHOOSECOLS(_xlpm.row,_xlfn.SEQUENCE(,_xlpm.n,2,2)),_xlpm.mp,IFERROR(MIN(_xlfn._xlws.FILTER(_xlpm.p,_xlpm.p<>"")),""),IF(_xlpm.mp="","",INDEX(_xlpm.q,_xlfn.XMATCH(_xlpm.mp,_xlpm.p,0,-1))))} -> 6 | J23: =IF(D23=H23,"历史最低","") | K23: =(D23-H23)/H23 -> 0.35150679 | L23: =(E23-I23)/I23 -> 0.16666667 | M23: =IFERROR(L23/K23,"") -> 0.47414921 | N23: =IF(M23="","",IF(M23>0,"只卖不买",IF(M23>-0.3,"只卖不买",IF(M23>=-1.5,"交易区",IF(M23>=-2.5,"谨慎","危险盘"))))) -> 只卖不买 | O23: =(D23-F23)/F23 -> 0.30555556 | P23: =(E23-G23)/G23 -> 0 | Q23: =IFERROR(P23/O23,"") -> 0 | R23: =IF(Q23="","",IF(Q23>0,"只卖不买",IF(Q23>-0.3,"只卖不买",IF(Q23>=-1.5,"交易区",IF(Q23>=-2.5,"谨慎","危险盘"))))) -> 只卖不买 | S23: =IF(AND(N23="交易区",R23="交易区"),"双绿","") | T23: {=_xlfn.LET(_xlpm.key,$B23&"|"&$C23,_xlpm.kdb,价格数据库!$A$3:$A$2000&"|"&价格数据库!$B$3:$B$2000,_xlpm.r,_xlfn.XMATCH(_xlpm.key,_xlpm.kdb,0),_xlpm.row,INDEX(价格数据库!$C$3:$ZZ$2000,_xlpm.r,0),_xlpm.n,INT(COLUMNS(_xlpm.row)/2),_xlpm.p,_xlfn.CHOOSECOLS(_xlpm.row,_xlfn.SEQUENCE(,_xlpm.n,1,2)),IFERROR(MAX(_xlfn._xlws.FILTER(_xlpm.p,_xlpm.p<>"")),""))} -> 23500 | U23: {=_xlfn.LET(_xlpm.key,$B23&"|"&$C23,_xlpm.kdb,价格数据库!$A$3:$A$2000&"|"&价格数据库!$B$3:$B$2000,_xlpm.r,_xlfn.XMATCH(_xlpm.key,_xlpm.kdb,0),_xlpm.row,INDEX(价格数据库!$C$3:$ZZ$2000,_xlpm.r,0),_xlpm.n,INT(COLUMNS(_xlpm.row)/2),_xlpm.p,_xlfn.CHOOSECOLS(_xlpm.row,_xlfn.SEQUENCE(,_xlpm.n,1,2)),_xlpm.q,_xlfn.CHOOSECOLS(_xlpm.row,_xlfn.SEQUENCE(,_xlpm.n,2,2)),_xlpm.mx,IFERROR(MAX(_xlfn._xlws.FILTER(_xlpm.p,_xlpm.p<>"")),""),IF(_xlpm.mx="","",INDEX(_xlpm.q,_xlfn.XMATCH(_xlpm.mx,_xlpm.p,0,-1))))} -> 7
B24: 先知 | C24: 召唤 | D24: {=_xlfn.LET(_xlpm.key,$B24&"|"&$C24,_xlpm.kdb,价格数据库!$A$3:$A$2000&"|"&价格数据库!$B$3:$B$2000,_xlpm.r,_xlfn.XMATCH(_xlpm.key,_xlpm.kdb,0),_xlpm.row,INDEX(价格数据库!$C$3:$ZZ$2000,_xlpm.r,0),_xlpm.n,INT(COLUMNS(_xlpm.row)/2),_xlpm.p,_xlfn.CHOOSECOLS(_xlpm.row,_xlfn.SEQUENCE(,_xlpm.n,1,2)),IFERROR(LOOKUP(2,1/(_xlpm.p<>""),_xlpm.p),""))} -> 13888 | E24: {=_xlfn.LET(_xlpm.key,$B24&"|"&$C24,_xlpm.kdb,价格数据库!$A$3:$A$2000&"|"&价格数据库!$B$3:$B$2000,_xlpm.r,_xlfn.XMATCH(_xlpm.key,_xlpm.kdb,0),_xlpm.row,INDEX(价格数据库!$C$3:$ZZ$2000,_xlpm.r,0),_xlpm.n,INT(COLUMNS(_xlpm.row)/2),_xlpm.p,_xlfn.CHOOSECOLS(_xlpm.row,_xlfn.SEQUENCE(,_xlpm.n,1,2)),_xlpm.q,_xlfn.CHOOSECOLS(_xlpm.row,_xlfn.SEQUENCE(,_xlpm.n,2,2)),_xlpm.lp,IFERROR(LOOKUP(2,1/(_xlpm.p<>""),_xlpm.p),""),IF(_xlpm.lp="","",INDEX(_xlpm.q,_xlfn.XMATCH(_xlpm.lp,_xlpm.p,0,-1))))} -> 7 | F24: {=_xlfn.LET(_xlpm.key,$B24&"|"&$C24,_xlpm.kdb,价格数据库!$A:$A&"|"&价格数据库!$B:$B,_xlpm.r,_xlfn.XMATCH(_xlpm.key,_xlpm.kdb,0),_xlpm.row,INDEX(价格数据库!$C:$ZZ,_xlpm.r,0),_xlpm.n,INT(COLUMNS(_xlpm.row)/2),_xlpm.p,_xlfn.CHOOSECOLS(_xlpm.row,_xlfn.SEQUENCE(,_xlpm.n,1,2)),_xlpm.pos,_xlfn._xlws.FILTER(_xlfn.SEQUENCE(,COLUMNS(_xlpm.p)),_xlpm.p<>""),IFERROR(INDEX(_xlpm.p,1,INDEX(_xlpm.pos,1,COLUMNS(_xlpm.pos)-1)),""))} -> 13888 | G24: {=_xlfn.LET(_xlpm.key,$B24&"|"&$C24,_xlpm.kdb,价格数据库!$A:$A&"|"&价格数据库!$B:$B,_xlpm.r,_xlfn.XMATCH(_xlpm.key,_xlpm.kdb,0),_xlpm.row,INDEX(价格数据库!$C:$ZZ,_xlpm.r,0),_xlpm.n,INT(COLUMNS(_xlpm.row)/2),_xlpm.q,_xlfn.CHOOSECOLS(_xlpm.row,_xlfn.SEQUENCE(,_xlpm.n,2,2)),_xlpm.pos,_xlfn._xlws.FILTER(_xlfn.SEQUENCE(,COLUMNS(_xlpm.q)),_xlpm.q<>""),IFERROR(INDEX(_xlpm.q,1,INDEX(_xlpm.pos,1,COLUMNS(_xlpm.pos)-1)),""))} -> 7 | H24: {=_xlfn.LET(_xlpm.key,$B24&"|"&$C24,_xlpm.kdb,价格数据库!$A$3:$A$2000&"|"&价格数据库!$B$3:$B$2000,_xlpm.r,_xlfn.XMATCH(_xlpm.key,_xlpm.kdb,0),_xlpm.row,INDEX(价格数据库!$C$3:$ZZ$2000,_xlpm.r,0),_xlpm.n,INT(COLUMNS(_xlpm.row)/2),_xlpm.p,_xlfn.CHOOSECOLS(_xlpm.row,_xlfn.SEQUENCE(,_xlpm.n,1,2)),IFERROR(MIN(_xlfn._xlws.FILTER(_xlpm.p,_xlpm.p<>"")),""))} -> 10400 | I24: {=_xlfn.LET(_xlpm.key,$B24&"|"&$C24,_xlpm.kdb,价格数据库!$A$3:$A$2000&"|"&价格数据库!$B$3:$B$2000,_xlpm.r,_xlfn.XMATCH(_xlpm.key,_xlpm.kdb,0),_xlpm.row,INDEX(价格数据库!$C$3:$ZZ$2000,_xlpm.r,0),_xlpm.n,INT(COLUMNS(_xlpm.row)/2),_xlpm.p,_xlfn.CHOOSECOLS(_xlpm.row,_xlfn.SEQUENCE(,_xlpm.n,1,2)),_xlpm.q,_xlfn.CHOOSECOLS(_xlpm.row,_xlfn.SEQUENCE(,_xlpm.n,2,2)),_xlpm.mp,IFERROR(MIN(_xlfn._xlws.FILTER(_xlpm.p,_xlpm.p<>"")),""),IF(_xlpm.mp="","",INDEX(_xlpm.q,_xlfn.XMATCH(_xlpm.mp,_xlpm.p,0,-1))))} -> 6 | J24: =IF(D24=H24,"历史最低","") | K24: =(D24-H24)/H24 -> 0.33538462 | L24: =(E24-I24)/I24 -> 0.16666667 | M24: =IFERROR(L24/K24,"") -> 0.4969419 | N24: =IF(M24="","",IF(M24>0,"只卖不买",IF(M24>-0.3,"只卖不买",IF(M24>=-1.5,"交易区",IF(M24>=-2.5,"谨慎","危险盘"))))) -> 只卖不买 | O24: =(D24-F24)/F24 -> 0 | P24: =(E24-G24)/G24 -> 0 | Q24: =IFERROR(P24/O24,"") | R24: =IF(Q24="","",IF(Q24>0,"只卖不买",IF(Q24>-0.3,"只卖不买",IF(Q24>=-1.5,"交易区",IF(Q24>=-2.5,"谨慎","危险盘"))))) | S24: =IF(AND(N24="交易区",R24="交易区"),"双绿","") | T24: {=_xlfn.LET(_xlpm.key,$B24&"|"&$C24,_xlpm.kdb,价格数据库!$A$3:$A$2000&"|"&价格数据库!$B$3:$B$2000,_xlpm.r,_xlfn.XMATCH(_xlpm.key,_xlpm.kdb,0),_xlpm.row,INDEX(价格数据库!$C$3:$ZZ$2000,_xlpm.r,0),_xlpm.n,INT(COLUMNS(_xlpm.row)/2),_xlpm.p,_xlfn.CHOOSECOLS(_xlpm.row,_xlfn.SEQUENCE(,_xlpm.n,1,2)),IFERROR(MAX(_xlfn._xlws.FILTER(_xlpm.p,_xlpm.p<>"")),""))} -> 14000 | U24: {=_xlfn.LET(_xlpm.key,$B24&"|"&$C24,_xlpm.kdb,价格数据库!$A$3:$A$2000&"|"&价格数据库!$B$3:$B$2000,_xlpm.r,_xlfn.XMATCH(_xlpm.key,_xlpm.kdb,0),_xlpm.row,INDEX(价格数据库!$C$3:$ZZ$2000,_xlpm.r,0),_xlpm.n,INT(COLUMNS(_xlpm.row)/2),_xlpm.p,_xlfn.CHOOSECOLS(_xlpm.row,_xlfn.SEQUENCE(,_xlpm.n,1,2)),_xlpm.q,_xlfn.CHOOSECOLS(_xlpm.row,_xlfn.SEQUENCE(,_xlpm.n,2,2)),_xlpm.mx,IFERROR(MAX(_xlfn._xlws.FILTER(_xlpm.p,_xlpm.p<>"")),""),IF(_xlpm.mx="","",INDEX(_xlpm.q,_xlfn.XMATCH(_xlpm.mx,_xlpm.p,0,-1))))} -> 7
B25: 剧毒 | C25: 召唤 | D25: {=_xlfn.LET(_xlpm.key,$B25&"|"&$C25,_xlpm.kdb,价格数据库!$A$3:$A$2000&"|"&价格数据库!$B$3:$B$2000,_xlpm.r,_xlfn.XMATCH(_xlpm.key,_xlpm.kdb,0),_xlpm.row,INDEX(价格数据库!$C$3:$ZZ$2000,_xlpm.r,0),_xlpm.n,INT(COLUMNS(_xlpm.row)/2),_xlpm.p,_xlfn.CHOOSECOLS(_xlpm.row,_xlfn.SEQUENCE(,_xlpm.n,1,2)),IFERROR(LOOKUP(2,1/(_xlpm.p<>""),_xlpm.p),""))} -> 23000 | E25: {=_xlfn.LET(_xlpm.key,$B25&"|"&$C25,_xlpm.kdb,价格数据库!$A$3:$A$2000&"|"&价格数据库!$B$3:$B$2000,_xlpm.r,_xlfn.XMATCH(_xlpm.key,_xlpm.kdb,0),_xlpm.row,INDEX(价格数据库!$C$3:$ZZ$2000,_xlpm.r,0),_xlpm.n,INT(COLUMNS(_xlpm.row)/2),_xlpm.p,_xlfn.CHOOSECOLS(_xlpm.row,_xlfn.SEQUENCE(,_xlpm.n,1,2)),_xlpm.q,_xlfn.CHOOSECOLS(_xlpm.row,_xlfn.SEQUENCE(,_xlpm.n,2,2)),_xlpm.lp,IFERROR(LOOKUP(2,1/(_xlpm.p<>""),_xlpm.p),""),IF(_xlpm.lp="","",INDEX(_xlpm.q,_xlfn.XMATCH(_xlpm.lp,_xlpm.p,0,-1))))} -> 2 | F25: {=_xlfn.LET(_xlpm.key,$B25&"|"&$C25,_xlpm.kdb,价格数据库!$A:$A&"|"&价格数据库!$B:$B,_xlpm.r,_xlfn.XMATCH(_xlpm.key,_xlpm.kdb,0),_xlpm.row,INDEX(价格数据库!$C:$ZZ,_xlpm.r,0),_xlpm.n,INT(COLUMNS(_xlpm.row)/2),_xlpm.p,_xlfn.CHOOSECOLS(_xlpm.row,_xlfn.SEQUENCE(,_xlpm.n,1,2)),_xlpm.pos,_xlfn._xlws.FILTER(_xlfn.SEQUENCE(,COLUMNS(_xlpm.p)),_xlpm.p<>""),IFERROR(INDEX(_xlpm.p,1,INDEX(_xlpm.pos,1,COLUMNS(_xlpm.pos)-1)),""))} -> 25000 | G25: {=_xlfn.LET(_xlpm.key,$B25&"|"&$C25,_xlpm.kdb,价格数据库!$A:$A&"|"&价格数据库!$B:$B,_xlpm.r,_xlfn.XMATCH(_xlpm.key,_xlpm.kdb,0),_xlpm.row,INDEX(价格数据库!$C:$ZZ,_xlpm.r,0),_xlpm.n,INT(COLUMNS(_xlpm.row)/2),_xlpm.q,_xlfn.CHOOSECOLS(_xlpm.row,_xlfn.SEQUENCE(,_xlpm.n,2,2)),_xlpm.pos,_xlfn._xlws.FILTER(_xlfn.SEQUENCE(,COLUMNS(_xlpm.q)),_xlpm.q<>""),IFERROR(INDEX(_xlpm.q,1,INDEX(_xlpm.pos,1,COLUMNS(_xlpm.pos)-1)),""))} -> 2 | H25: {=_xlfn.LET(_xlpm.key,$B25&"|"&$C25,_xlpm.kdb,价格数据库!$A$3:$A$2000&"|"&价格数据库!$B$3:$B$2000,_xlpm.r,_xlfn.XMATCH(_xlpm.key,_xlpm.kdb,0),_xlpm.row,INDEX(价格数据库!$C$3:$ZZ$2000,_xlpm.r,0),_xlpm.n,INT(COLUMNS(_xlpm.row)/2),_xlpm.p,_xlfn.CHOOSECOLS(_xlpm.row,_xlfn.SEQUENCE(,_xlpm.n,1,2)),IFERROR(MIN(_xlfn._xlws.FILTER(_xlpm.p,_xlpm.p<>"")),""))} -> 18888 | I25: {=_xlfn.LET(_xlpm.key,$B25&"|"&$C25,_xlpm.kdb,价格数据库!$A$3:$A$2000&"|"&价格数据库!$B$3:$B$2000,_xlpm.r,_xlfn.XMATCH(_xlpm.key,_xlpm.kdb,0),_xlpm.row,INDEX(价格数据库!$C$3:$ZZ$2000,_xlpm.r,0),_xlpm.n,INT(COLUMNS(_xlpm.row)/2),_xlpm.p,_xlfn.CHOOSECOLS(_xlpm.row,_xlfn.SEQUENCE(,_xlpm.n,1,2)),_xlpm.q,_xlfn.CHOOSECOLS(_xlpm.row,_xlfn.SEQUENCE(,_xlpm.n,2,2)),_xlpm.mp,IFERROR(MIN(_xlfn._xlws.FILTER(_xlpm.p,_xlpm.p<>"")),""),IF(_xlpm.mp="","",INDEX(_xlpm.q,_xlfn.XMATCH(_xlpm.mp,_xlpm.p,0,-1))))} -> 3 | J25: =IF(D25=H25,"历史最低","") | K25: =(D25-H25)/H25 -> 0.21770436 | L25: =(E25-I25)/I25 -> -0.33333333 | M25: =IFERROR(L25/K25,"") -> -1.5311284 | N25: =IF(M25="","",IF(M25>0,"只卖不买",IF(M25>-0.3,"只卖不买",IF(M25>=-1.5,"交易区",IF(M25>=-2.5,"谨慎","危险盘"))))) -> 谨慎 | O25: =(D25-F25)/F25 -> -0.08 | P25: =(E25-G25)/G25 -> 0 | Q25: =IFERROR(P25/O25,"") -> 0 | R25: =IF(Q25="","",IF(Q25>0,"只卖不买",IF(Q25>-0.3,"只卖不买",IF(Q25>=-1.5,"交易区",IF(Q25>=-2.5,"谨慎","危险盘"))))) -> 只卖不买 | S25: =IF(AND(N25="交易区",R25="交易区"),"双绿","") | T25: {=_xlfn.LET(_xlpm.key,$B25&"|"&$C25,_xlpm.kdb,价格数据库!$A$3:$A$2000&"|"&价格数据库!$B$3:$B$2000,_xlpm.r,_xlfn.XMATCH(_xlpm.key,_xlpm.kdb,0),_xlpm.row,INDEX(价格数据库!$C$3:$ZZ$2000,_xlpm.r,0),_xlpm.n,INT(COLUMNS(_xlpm.row)/2),_xlpm.p,_xlfn.CHOOSECOLS(_xlpm.row,_xlfn.SEQUENCE(,_xlpm.n,1,2)),IFERROR(MAX(_xlfn._xlws.FILTER(_xlpm.p,_xlpm.p<>"")),""))} -> 25000 | U25: {=_xlfn.LET(_xlpm.key,$B25&"|"&$C25,_xlpm.kdb,价格数据库!$A$3:$A$2000&"|"&价格数据库!$B$3:$B$2000,_xlpm.r,_xlfn.XMATCH(_xlpm.key,_xlpm.kdb,0),_xlpm.row,INDEX(价格数据库!$C$3:$ZZ$2000,_xlpm.r,0),_xlpm.n,INT(COLUMNS(_xlpm.row)/2),_xlpm.p,_xlfn.CHOOSECOLS(_xlpm.row,_xlfn.SEQUENCE(,_xlpm.n,1,2)),_xlpm.q,_xlfn.CHOOSECOLS(_xlpm.row,_xlfn.SEQUENCE(,_xlpm.n,2,2)),_xlpm.mx,IFERROR(MAX(_xlfn._xlws.FILTER(_xlpm.p,_xlpm.p<>"")),""),IF(_xlpm.mx="","",INDEX(_xlpm.q,_xlfn.XMATCH(_xlpm.mx,_xlpm.p,0,-1))))} -> 2
B26: 小鹿 | C26: 头 | D26: {=_xlfn.LET(_xlpm.key,$B26&"|"&$C26,_xlpm.kdb,价格数据库!$A$3:$A$2000&"|"&价格数据库!$B$3:$B$2000,_xlpm.r,_xlfn.XMATCH(_xlpm.key,_xlpm.kdb,0),_xlpm.row,INDEX(价格数据库!$C$3:$ZZ$2000,_xlpm.r,0),_xlpm.n,INT(COLUMNS(_xlpm.row)/2),_xlpm.p,_xlfn.CHOOSECOLS(_xlpm.row,_xlfn.SEQUENCE(,_xlpm.n,1,2)),IFERROR(LOOKUP(2,1/(_xlpm.p<>""),_xlpm.p),""))} -> 35000 | E26: {=_xlfn.LET(_xlpm.key,$B26&"|"&$C26,_xlpm.kdb,价格数据库!$A$3:$A$2000&"|"&价格数据库!$B$3:$B$2000,_xlpm.r,_xlfn.XMATCH(_xlpm.key,_xlpm.kdb,0),_xlpm.row,INDEX(价格数据库!$C$3:$ZZ$2000,_xlpm.r,0),_xlpm.n,INT(COLUMNS(_xlpm.row)/2),_xlpm.p,_xlfn.CHOOSECOLS(_xlpm.row,_xlfn.SEQUENCE(,_xlpm.n,1,2)),_xlpm.q,_xlfn.CHOOSECOLS(_xlpm.row,_xlfn.SEQUENCE(,_xlpm.n,2,2)),_xlpm.lp,IFERROR(LOOKUP(2,1/(_xlpm.p<>""),_xlpm.p),""),IF(_xlpm.lp="","",INDEX(_xlpm.q,_xlfn.XMATCH(_xlpm.lp,_xlpm.p,0,-1))))} -> 2 | F26: {=_xlfn.LET(_xlpm.key,$B26&"|"&$C26,_xlpm.kdb,价格数据库!$A:$A&"|"&价格数据库!$B:$B,_xlpm.r,_xlfn.XMATCH(_xlpm.key,_xlpm.kdb,0),_xlpm.row,INDEX(价格数据库!$C:$ZZ,_xlpm.r,0),_xlpm.n,INT(COLUMNS(_xlpm.row)/2),_xlpm.p,_xlfn.CHOOSECOLS(_xlpm.row,_xlfn.SEQUENCE(,_xlpm.n,1,2)),_xlpm.pos,_xlfn._xlws.FILTER(_xlfn.SEQUENCE(,COLUMNS(_xlpm.p)),_xlpm.p<>""),IFERROR(INDEX(_xlpm.p,1,INDEX(_xlpm.pos,1,COLUMNS(_xlpm.pos)-1)),""))} -> 35000 | G26: {=_xlfn.LET(_xlpm.key,$B26&"|"&$C26,_xlpm.kdb,价格数据库!$A:$A&"|"&价格数据库!$B:$B,_xlpm.r,_xlfn.XMATCH(_xlpm.key,_xlpm.kdb,0),_xlpm.row,INDEX(价格数据库!$C:$ZZ,_xlpm.r,0),_xlpm.n,INT(COLUMNS(_xlpm.row)/2),_xlpm.q,_xlfn.CHOOSECOLS(_xlpm.row,_xlfn.SEQUENCE(,_xlpm.n,2,2)),_xlpm.pos,_xlfn._xlws.FILTER(_xlfn.SEQUENCE(,COLUMNS(_xlpm.q)),_xlpm.q<>""),IFERROR(INDEX(_xlpm.q,1,INDEX(_xlpm.pos,1,COLUMNS(_xlpm.pos)-1)),""))} -> 2 | H26: {=_xlfn.LET(_xlpm.key,$B26&"|"&$C26,_xlpm.kdb,价格数据库!$A$3:$A$2000&"|"&价格数据库!$B$3:$B$2000,_xlpm.r,_xlfn.XMATCH(_xlpm.key,_xlpm.kdb,0),_xlpm.row,INDEX(价格数据库!$C$3:$ZZ$2000,_xlpm.r,0),_xlpm.n,INT(COLUMNS(_xlpm.row)/2),_xlpm.p,_xlfn.CHOOSECOLS(_xlpm.row,_xlfn.SEQUENCE(,_xlpm.n,1,2)),IFERROR(MIN(_xlfn._xlws.FILTER(_xlpm.p,_xlpm.p<>"")),""))} -> 29000 | I26: {=_xlfn.LET(_xlpm.key,$B26&"|"&$C26,_xlpm.kdb,价格数据库!$A$3:$A$2000&"|"&价格数据库!$B$3:$B$2000,_xlpm.r,_xlfn.XMATCH(_xlpm.key,_xlpm.kdb,0),_xlpm.row,INDEX(价格数据库!$C$3:$ZZ$2000,_xlpm.r,0),_xlpm.n,INT(COLUMNS(_xlpm.row)/2),_xlpm.p,_xlfn.CHOOSECOLS(_xlpm.row,_xlfn.SEQUENCE(,_xlpm.n,1,2)),_xlpm.q,_xlfn.CHOOSECOLS(_xlpm.row,_xlfn.SEQUENCE(,_xlpm.n,2,2)),_xlpm.mp,IFERROR(MIN(_xlfn._xlws.FILTER(_xlpm.p,_xlpm.p<>"")),""),IF(_xlpm.mp="","",INDEX(_xlpm.q,_xlfn.XMATCH(_xlpm.mp,_xlpm.p,0,-1))))} -> 2 | J26: =IF(D26=H26,"历史最低","") | K26: =(D26-H26)/H26 -> 0.20689655 | L26: =(E26-I26)/I26 -> 0 | M26: =IFERROR(L26/K26,"") -> 0 | N26: =IF(M26="","",IF(M26>0,"只卖不买",IF(M26>-0.3,"只卖不买",IF(M26>=-1.5,"交易区",IF(M26>=-2.5,"谨慎","危险盘"))))) -> 只卖不买 | O26: =(D26-F26)/F26 -> 0 | P26: =(E26-G26)/G26 -> 0 | Q26: =IFERROR(P26/O26,"") | R26: =IF(Q26="","",IF(Q26>0,"只卖不买",IF(Q26>-0.3,"只卖不买",IF(Q26>=-1.5,"交易区",IF(Q26>=-2.5,"谨慎","危险盘"))))) | S26: =IF(AND(N26="交易区",R26="交易区"),"双绿","") | T26: {=_xlfn.LET(_xlpm.key,$B26&"|"&$C26,_xlpm.kdb,价格数据库!$A$3:$A$2000&"|"&价格数据库!$B$3:$B$2000,_xlpm.r,_xlfn.XMATCH(_xlpm.key,_xlpm.kdb,0),_xlpm.row,INDEX(价格数据库!$C$3:$ZZ$2000,_xlpm.r,0),_xlpm.n,INT(COLUMNS(_xlpm.row)/2),_xlpm.p,_xlfn.CHOOSECOLS(_xlpm.row,_xlfn.SEQUENCE(,_xlpm.n,1,2)),IFERROR(MAX(_xlfn._xlws.FILTER(_xlpm.p,_xlpm.p<>"")),""))} -> 35000 | U26: {=_xlfn.LET(_xlpm.key,$B26&"|"&$C26,_xlpm.kdb,价格数据库!$A$3:$A$2000&"|"&价格数据库!$B$3:$B$2000,_xlpm.r,_xlfn.XMATCH(_xlpm.key,_xlpm.kdb,0),_xlpm.row,INDEX(价格数据库!$C$3:$ZZ$2000,_xlpm.r,0),_xlpm.n,INT(COLUMNS(_xlpm.row)/2),_xlpm.p,_xlfn.CHOOSECOLS(_xlpm.row,_xlfn.SEQUENCE(,_xlpm.n,1,2)),_xlpm.q,_xlfn.CHOOSECOLS(_xlpm.row,_xlfn.SEQUENCE(,_xlpm.n,2,2)),_xlpm.mx,IFERROR(MAX(_xlfn._xlws.FILTER(_xlpm.p,_xlpm.p<>"")),""),IF(_xlpm.mx="","",INDEX(_xlpm.q,_xlfn.XMATCH(_xlpm.mx,_xlpm.p,0,-1))))} -> 2
B27: 天怒 | C27: 武器 | D27: {=_xlfn.LET(_xlpm.key,$B27&"|"&$C27,_xlpm.kdb,价格数据库!$A$3:$A$2000&"|"&价格数据库!$B$3:$B$2000,_xlpm.r,_xlfn.XMATCH(_xlpm.key,_xlpm.kdb,0),_xlpm.row,INDEX(价格数据库!$C$3:$ZZ$2000,_xlpm.r,0),_xlpm.n,INT(COLUMNS(_xlpm.row)/2),_xlpm.p,_xlfn.CHOOSECOLS(_xlpm.row,_xlfn.SEQUENCE(,_xlpm.n,1,2)),IFERROR(LOOKUP(2,1/(_xlpm.p<>""),_xlpm.p),""))} -> 17500 | E27: {=_xlfn.LET(_xlpm.key,$B27&"|"&$C27,_xlpm.kdb,价格数据库!$A$3:$A$2000&"|"&价格数据库!$B$3:$B$2000,_xlpm.r,_xlfn.XMATCH(_xlpm.key,_xlpm.kdb,0),_xlpm.row,INDEX(价格数据库!$C$3:$ZZ$2000,_xlpm.r,0),_xlpm.n,INT(COLUMNS(_xlpm.row)/2),_xlpm.p,_xlfn.CHOOSECOLS(_xlpm.row,_xlfn.SEQUENCE(,_xlpm.n,1,2)),_xlpm.q,_xlfn.CHOOSECOLS(_xlpm.row,_xlfn.SEQUENCE(,_xlpm.n,2,2)),_xlpm.lp,IFERROR(LOOKUP(2,1/(_xlpm.p<>""),_xlpm.p),""),IF(_xlpm.lp="","",INDEX(_xlpm.q,_xlfn.XMATCH(_xlpm.lp,_xlpm.p,0,-1))))} -> 6 | F27: {=_xlfn.LET(_xlpm.key,$B27&"|"&$C27,_xlpm.kdb,价格数据库!$A:$A&"|"&价格数据库!$B:$B,_xlpm.r,_xlfn.XMATCH(_xlpm.key,_xlpm.kdb,0),_xlpm.row,INDEX(价格数据库!$C:$ZZ,_xlpm.r,0),_xlpm.n,INT(COLUMNS(_xlpm.row)/2),_xlpm.p,_xlfn.CHOOSECOLS(_xlpm.row,_xlfn.SEQUENCE(,_xlpm.n,1,2)),_xlpm.pos,_xlfn._xlws.FILTER(_xlfn.SEQUENCE(,COLUMNS(_xlpm.p)),_xlpm.p<>""),IFERROR(INDEX(_xlpm.p,1,INDEX(_xlpm.pos,1,COLUMNS(_xlpm.pos)-1)),""))} -> 16666 | G27: {=_xlfn.LET(_xlpm.key,$B27&"|"&$C27,_xlpm.kdb,价格数据库!$A:$A&"|"&价格数据库!$B:$B,_xlpm.r,_xlfn.XMATCH(_xlpm.key,_xlpm.kdb,0),_xlpm.row,INDEX(价格数据库!$C:$ZZ,_xlpm.r,0),_xlpm.n,INT(COLUMNS(_xlpm.row)/2),_xlpm.q,_xlfn.CHOOSECOLS(_xlpm.row,_xlfn.SEQUENCE(,_xlpm.n,2,2)),_xlpm.pos,_xlfn._xlws.FILTER(_xlfn.SEQUENCE(,COLUMNS(_xlpm.q)),_xlpm.q<>""),IFERROR(INDEX(_xlpm.q,1,INDEX(_xlpm.pos,1,COLUMNS(_xlpm.pos)-1)),""))} -> 7 | H27: {=_xlfn.LET(_xlpm.key,$B27&"|"&$C27,_xlpm.kdb,价格数据库!$A$3:$A$2000&"|"&价格数据库!$B$3:$B$2000,_xlpm.r,_xlfn.XMATCH(_xlpm.key,_xlpm.kdb,0),_xlpm.row,INDEX(价格数据库!$C$3:$ZZ$2000,_xlpm.r,0),_xlpm.n,INT(COLUMNS(_xlpm.row)/2),_xlpm.p,_xlfn.CHOOSECOLS(_xlpm.row,_xlfn.SEQUENCE(,_xlpm.n,1,2)),IFERROR(MIN(_xlfn._xlws.FILTER(_xlpm.p,_xlpm.p<>"")),""))} -> 15000 | I27: {=_xlfn.LET(_xlpm.key,$B27&"|"&$C27,_xlpm.kdb,价格数据库!$A$3:$A$2000&"|"&价格数据库!$B$3:$B$2000,_xlpm.r,_xlfn.XMATCH(_xlpm.key,_xlpm.kdb,0),_xlpm.row,INDEX(价格数据库!$C$3:$ZZ$2000,_xlpm.r,0),_xlpm.n,INT(COLUMNS(_xlpm.row)/2),_xlpm.p,_xlfn.CHOOSECOLS(_xlpm.row,_xlfn.SEQUENCE(,_xlpm.n,1,2)),_xlpm.q,_xlfn.CHOOSECOLS(_xlpm.row,_xlfn.SEQUENCE(,_xlpm.n,2,2)),_xlpm.mp,IFERROR(MIN(_xlfn._xlws.FILTER(_xlpm.p,_xlpm.p<>"")),""),IF(_xlpm.mp="","",INDEX(_xlpm.q,_xlfn.XMATCH(_xlpm.mp,_xlpm.p,0,-1))))} -> 7 | J27: =IF(D27=H27,"历史最低","") | K27: =(D27-H27)/H27 -> 0.16666667 | L27: =(E27-I27)/I27 -> -0.14285714 | M27: =IFERROR(L27/K27,"") -> -0.85714286 | N27: =IF(M27="","",IF(M27>0,"只卖不买",IF(M27>-0.3,"只卖不买",IF(M27>=-1.5,"交易区",IF(M27>=-2.5,"谨慎","危险盘"))))) -> 交易区 | O27: =(D27-F27)/F27 -> 0.050042002 | P27: =(E27-G27)/G27 -> -0.14285714 | Q27: =IFERROR(P27/O27,"") -> -2.8547448 | R27: =IF(Q27="","",IF(Q27>0,"只卖不买",IF(Q27>-0.3,"只卖不买",IF(Q27>=-1.5,"交易区",IF(Q27>=-2.5,"谨慎","危险盘"))))) -> 危险盘 | S27: =IF(AND(N27="交易区",R27="交易区"),"双绿","") | T27: {=_xlfn.LET(_xlpm.key,$B27&"|"&$C27,_xlpm.kdb,价格数据库!$A$3:$A$2000&"|"&价格数据库!$B$3:$B$2000,_xlpm.r,_xlfn.XMATCH(_xlpm.key,_xlpm.kdb,0),_xlpm.row,INDEX(价格数据库!$C$3:$ZZ$2000,_xlpm.r,0),_xlpm.n,INT(COLUMNS(_xlpm.row)/2),_xlpm.p,_xlfn.CHOOSECOLS(_xlpm.row,_xlfn.SEQUENCE(,_xlpm.n,1,2)),IFERROR(MAX(_xlfn._xlws.FILTER(_xlpm.p,_xlpm.p<>"")),""))} -> 17888 | U27: {=_xlfn.LET(_xlpm.key,$B27&"|"&$C27,_xlpm.kdb,价格数据库!$A$3:$A$2000&"|"&价格数据库!$B$3:$B$2000,_xlpm.r,_xlfn.XMATCH(_xlpm.key,_xlpm.kdb,0),_xlpm.row,INDEX(价格数据库!$C$3:$ZZ$2000,_xlpm.r,0),_xlpm.n,INT(COLUMNS(_xlpm.row)/2),_xlpm.p,_xlfn.CHOOSECOLS(_xlpm.row,_xlfn.SEQUENCE(,_xlpm.n,1,2)),_xlpm.q,_xlfn.CHOOSECOLS(_xlpm.row,_xlfn.SEQUENCE(,_xlpm.n,2,2)),_xlpm.mx,IFERROR(MAX(_xlfn._xlws.FILTER(_xlpm.p,_xlpm.p<>"")),""),IF(_xlpm.mx="","",INDEX(_xlpm.q,_xlfn.XMATCH(_xlpm.mx,_xlpm.p,0,-1))))} -> 6
B28: 蓝猫 | C28: 衣服 | D28: {=_xlfn.LET(_xlpm.key,$B28&"|"&$C28,_xlpm.kdb,价格数据库!$A$3:$A$2000&"|"&价格数据库!$B$3:$B$2000,_xlpm.r,_xlfn.XMATCH(_xlpm.key,_xlpm.kdb,0),_xlpm.row,INDEX(价格数据库!$C$3:$ZZ$2000,_xlpm.r,0),_xlpm.n,INT(COLUMNS(_xlpm.row)/2),_xlpm.p,_xlfn.CHOOSECOLS(_xlpm.row,_xlfn.SEQUENCE(,_xlpm.n,1,2)),IFERROR(LOOKUP(2,1/(_xlpm.p<>""),_xlpm.p),""))} -> 20600 | E28: {=_xlfn.LET(_xlpm.key,$B28&"|"&$C28,_xlpm.kdb,价格数据库!$A$3:$A$2000&"|"&价格数据库!$B$3:$B$2000,_xlpm.r,_xlfn.XMATCH(_xlpm.key,_xlpm.kdb,0),_xlpm.row,INDEX(价格数据库!$C$3:$ZZ$2000,_xlpm.r,0),_xlpm.n,INT(COLUMNS(_xlpm.row)/2),_xlpm.p,_xlfn.CHOOSECOLS(_xlpm.row,_xlfn.SEQUENCE(,_xlpm.n,1,2)),_xlpm.q,_xlfn.CHOOSECOLS(_xlpm.row,_xlfn.SEQUENCE(,_xlpm.n,2,2)),_xlpm.lp,IFERROR(LOOKUP(2,1/(_xlpm.p<>""),_xlpm.p),""),IF(_xlpm.lp="","",INDEX(_xlpm.q,_xlfn.XMATCH(_xlpm.lp,_xlpm.p,0,-1))))} -> 5 | F28: {=_xlfn.LET(_xlpm.key,$B28&"|"&$C28,_xlpm.kdb,价格数据库!$A:$A&"|"&价格数据库!$B:$B,_xlpm.r,_xlfn.XMATCH(_xlpm.key,_xlpm.kdb,0),_xlpm.row,INDEX(价格数据库!$C:$ZZ,_xlpm.r,0),_xlpm.n,INT(COLUMNS(_xlpm.row)/2),_xlpm.p,_xlfn.CHOOSECOLS(_xlpm.row,_xlfn.SEQUENCE(,_xlpm.n,1,2)),_xlpm.pos,_xlfn._xlws.FILTER(_xlfn.SEQUENCE(,COLUMNS(_xlpm.p)),_xlpm.p<>""),IFERROR(INDEX(_xlpm.p,1,INDEX(_xlpm.pos,1,COLUMNS(_xlpm.pos)-1)),""))} -> 18500 | G28: {=_xlfn.LET(_xlpm.key,$B28&"|"&$C28,_xlpm.kdb,价格数据库!$A:$A&"|"&价格数据库!$B:$B,_xlpm.r,_xlfn.XMATCH(_xlpm.key,_xlpm.kdb,0),_xlpm.row,INDEX(价格数据库!$C:$ZZ,_xlpm.r,0),_xlpm.n,INT(COLUMNS(_xlpm.row)/2),_xlpm.q,_xlfn.CHOOSECOLS(_xlpm.row,_xlfn.SEQUENCE(,_xlpm.n,2,2)),_xlpm.pos,_xlfn._xlws.FILTER(_xlfn.SEQUENCE(,COLUMNS(_xlpm.q)),_xlpm.q<>""),IFERROR(INDEX(_xlpm.q,1,INDEX(_xlpm.pos,1,COLUMNS(_xlpm.pos)-1)),""))} -> 4 | H28: {=_xlfn.LET(_xlpm.key,$B28&"|"&$C28,_xlpm.kdb,价格数据库!$A$3:$A$2000&"|"&价格数据库!$B$3:$B$2000,_xlpm.r,_xlfn.XMATCH(_xlpm.key,_xlpm.kdb,0),_xlpm.row,INDEX(价格数据库!$C$3:$ZZ$2000,_xlpm.r,0),_xlpm.n,INT(COLUMNS(_xlpm.row)/2),_xlpm.p,_xlfn.CHOOSECOLS(_xlpm.row,_xlfn.SEQUENCE(,_xlpm.n,1,2)),IFERROR(MIN(_xlfn._xlws.FILTER(_xlpm.p,_xlpm.p<>"")),""))} -> 17888 | I28: {=_xlfn.LET(_xlpm.key,$B28&"|"&$C28,_xlpm.kdb,价格数据库!$A$3:$A$2000&"|"&价格数据库!$B$3:$B$2000,_xlpm.r,_xlfn.XMATCH(_xlpm.key,_xlpm.kdb,0),_xlpm.row,INDEX(价格数据库!$C$3:$ZZ$2000,_xlpm.r,0),_xlpm.n,INT(COLUMNS(_xlpm.row)/2),_xlpm.p,_xlfn.CHOOSECOLS(_xlpm.row,_xlfn.SEQUENCE(,_xlpm.n,1,2)),_xlpm.q,_xlfn.CHOOSECOLS(_xlpm.row,_xlfn.SEQUENCE(,_xlpm.n,2,2)),_xlpm.mp,IFERROR(MIN(_xlfn._xlws.FILTER(_xlpm.p,_xlpm.p<>"")),""),IF(_xlpm.mp="","",INDEX(_xlpm.q,_xlfn.XMATCH(_xlpm.mp,_xlpm.p,0,-1))))} -> 6 | J28: =IF(D28=H28,"历史最低","") | K28: =(D28-H28)/H28 -> 0.15161002 | L28: =(E28-I28)/I28 -> -0.16666667 | M28: =IFERROR(L28/K28,"") -> -1.0993117 | N28: =IF(M28="","",IF(M28>0,"只卖不买",IF(M28>-0.3,"只卖不买",IF(M28>=-1.5,"交易区",IF(M28>=-2.5,"谨慎","危险盘"))))) -> 交易区 | O28: =(D28-F28)/F28 -> 0.11351351 | P28: =(E28-G28)/G28 -> 0.25 | Q28: =IFERROR(P28/O28,"") -> 2.202381 | R28: =IF(Q28="","",IF(Q28>0,"只卖不买",IF(Q28>-0.3,"只卖不买",IF(Q28>=-1.5,"交易区",IF(Q28>=-2.5,"谨慎","危险盘"))))) -> 只卖不买 | S28: =IF(AND(N28="交易区",R28="交易区"),"双绿","") | T28: {=_xlfn.LET(_xlpm.key,$B28&"|"&$C28,_xlpm.kdb,价格数据库!$A$3:$A$2000&"|"&价格数据库!$B$3:$B$2000,_xlpm.r,_xlfn.XMATCH(_xlpm.key,_xlpm.kdb,0),_xlpm.row,INDEX(价格数据库!$C$3:$ZZ$2000,_xlpm.r,0),_xlpm.n,INT(COLUMNS(_xlpm.row)/2),_xlpm.p,_xlfn.CHOOSECOLS(_xlpm.row,_xlfn.SEQUENCE(,_xlpm.n,1,2)),IFERROR(MAX(_xlfn._xlws.FILTER(_xlpm.p,_xlpm.p<>"")),""))} -> 20999 | U28: {=_xlfn.LET(_xlpm.key,$B28&"|"&$C28,_xlpm.kdb,价格数据库!$A$3:$A$2000&"|"&价格数据库!$B$3:$B$2000,_xlpm.r,_xlfn.XMATCH(_xlpm.key,_xlpm.kdb,0),_xlpm.row,INDEX(价格数据库!$C$3:$ZZ$2000,_xlpm.r,0),_xlpm.n,INT(COLUMNS(_xlpm.row)/2),_xlpm.p,_xlfn.CHOOSECOLS(_xlpm.row,_xlfn.SEQUENCE(,_xlpm.n,1,2)),_xlpm.q,_xlfn.CHOOSECOLS(_xlpm.row,_xlfn.SEQUENCE(,_xlpm.n,2,2)),_xlpm.mx,IFERROR(MAX(_xlfn._xlws.FILTER(_xlpm.p,_xlpm.p<>"")),""),IF(_xlpm.mx="","",INDEX(_xlpm.q,_xlfn.XMATCH(_xlpm.mx,_xlpm.p,0,-1))))} -> 3
B29: 小鱼 | C29: 背 | D29: {=_xlfn.LET(_xlpm.key,$B29&"|"&$C29,_xlpm.kdb,价格数据库!$A$3:$A$2000&"|"&价格数据库!$B$3:$B$2000,_xlpm.r,_xlfn.XMATCH(_xlpm.key,_xlpm.kdb,0),_xlpm.row,INDEX(价格数据库!$C$3:$ZZ$2000,_xlpm.r,0),_xlpm.n,INT(COLUMNS(_xlpm.row)/2),_xlpm.p,_xlfn.CHOOSECOLS(_xlpm.row,_xlfn.SEQUENCE(,_xlpm.n,1,2)),IFERROR(LOOKUP(2,1/(_xlpm.p<>""),_xlpm.p),""))} -> 17399 | E29: {=_xlfn.LET(_xlpm.key,$B29&"|"&$C29,_xlpm.kdb,价格数据库!$A$3:$A$2000&"|"&价格数据库!$B$3:$B$2000,_xlpm.r,_xlfn.XMATCH(_xlpm.key,_xlpm.kdb,0),_xlpm.row,INDEX(价格数据库!$C$3:$ZZ$2000,_xlpm.r,0),_xlpm.n,INT(COLUMNS(_xlpm.row)/2),_xlpm.p,_xlfn.CHOOSECOLS(_xlpm.row,_xlfn.SEQUENCE(,_xlpm.n,1,2)),_xlpm.q,_xlfn.CHOOSECOLS(_xlpm.row,_xlfn.SEQUENCE(,_xlpm.n,2,2)),_xlpm.lp,IFERROR(LOOKUP(2,1/(_xlpm.p<>""),_xlpm.p),""),IF(_xlpm.lp="","",INDEX(_xlpm.q,_xlfn.XMATCH(_xlpm.lp,_xlpm.p,0,-1))))} -> 6 | F29: {=_xlfn.LET(_xlpm.key,$B29&"|"&$C29,_xlpm.kdb,价格数据库!$A:$A&"|"&价格数据库!$B:$B,_xlpm.r,_xlfn.XMATCH(_xlpm.key,_xlpm.kdb,0),_xlpm.row,INDEX(价格数据库!$C:$ZZ,_xlpm.r,0),_xlpm.n,INT(COLUMNS(_xlpm.row)/2),_xlpm.p,_xlfn.CHOOSECOLS(_xlpm.row,_xlfn.SEQUENCE(,_xlpm.n,1,2)),_xlpm.pos,_xlfn._xlws.FILTER(_xlfn.SEQUENCE(,COLUMNS(_xlpm.p)),_xlpm.p<>""),IFERROR(INDEX(_xlpm.p,1,INDEX(_xlpm.pos,1,COLUMNS(_xlpm.pos)-1)),""))} -> 16500 | G29: {=_xlfn.LET(_xlpm.key,$B29&"|"&$C29,_xlpm.kdb,价格数据库!$A:$A&"|"&价格数据库!$B:$B,_xlpm.r,_xlfn.XMATCH(_xlpm.key,_xlpm.kdb,0),_xlpm.row,INDEX(价格数据库!$C:$ZZ,_xlpm.r,0),_xlpm.n,INT(COLUMNS(_xlpm.row)/2),_xlpm.q,_xlfn.CHOOSECOLS(_xlpm.row,_xlfn.SEQUENCE(,_xlpm.n,2,2)),_xlpm.pos,_xlfn._xlws.FILTER(_xlfn.SEQUENCE(,COLUMNS(_xlpm.q)),_xlpm.q<>""),IFERROR(INDEX(_xlpm.q,1,INDEX(_xlpm.pos,1,COLUMNS(_xlpm.pos)-1)),""))} -> 7 | H29: {=_xlfn.LET(_xlpm.key,$B29&"|"&$C29,_xlpm.kdb,价格数据库!$A$3:$A$2000&"|"&价格数据库!$B$3:$B$2000,_xlpm.r,_xlfn.XMATCH(_xlpm.key,_xlpm.kdb,0),_xlpm.row,INDEX(价格数据库!$C$3:$ZZ$2000,_xlpm.r,0),_xlpm.n,INT(COLUMNS(_xlpm.row)/2),_xlpm.p,_xlfn.CHOOSECOLS(_xlpm.row,_xlfn.SEQUENCE(,_xlpm.n,1,2)),IFERROR(MIN(_xlfn._xlws.FILTER(_xlpm.p,_xlpm.p<>"")),""))} -> 15200 | I29: {=_xlfn.LET(_xlpm.key,$B29&"|"&$C29,_xlpm.kdb,价格数据库!$A$3:$A$2000&"|"&价格数据库!$B$3:$B$2000,_xlpm.r,_xlfn.XMATCH(_xlpm.key,_xlpm.kdb,0),_xlpm.row,INDEX(价格数据库!$C$3:$ZZ$2000,_xlpm.r,0),_xlpm.n,INT(COLUMNS(_xlpm.row)/2),_xlpm.p,_xlfn.CHOOSECOLS(_xlpm.row,_xlfn.SEQUENCE(,_xlpm.n,1,2)),_xlpm.q,_xlfn.CHOOSECOLS(_xlpm.row,_xlfn.SEQUENCE(,_xlpm.n,2,2)),_xlpm.mp,IFERROR(MIN(_xlfn._xlws.FILTER(_xlpm.p,_xlpm.p<>"")),""),IF(_xlpm.mp="","",INDEX(_xlpm.q,_xlfn.XMATCH(_xlpm.mp,_xlpm.p,0,-1))))} -> 8 | J29: =IF(D29=H29,"历史最低","") | K29: =(D29-H29)/H29 -> 0.14467105 | L29: =(E29-I29)/I29 -> -0.25 | M29: =IFERROR(L29/K29,"") -> -1.7280582 | N29: =IF(M29="","",IF(M29>0,"只卖不买",IF(M29>-0.3,"只卖不买",IF(M29>=-1.5,"交易区",IF(M29>=-2.5,"谨慎","危险盘"))))) -> 谨慎 | O29: =(D29-F29)/F29 -> 0.054484848 | P29: =(E29-G29)/G29 -> -0.14285714 | Q29: =IFERROR(P29/O29,"") -> -2.6219609 | R29: =IF(Q29="","",IF(Q29>0,"只卖不买",IF(Q29>-0.3,"只卖不买",IF(Q29>=-1.5,"交易区",IF(Q29>=-2.5,"谨慎","危险盘"))))) -> 危险盘 | S29: =IF(AND(N29="交易区",R29="交易区"),"双绿","") | T29: {=_xlfn.LET(_xlpm.key,$B29&"|"&$C29,_xlpm.kdb,价格数据库!$A$3:$A$2000&"|"&价格数据库!$B$3:$B$2000,_xlpm.r,_xlfn.XMATCH(_xlpm.key,_xlpm.kdb,0),_xlpm.row,INDEX(价格数据库!$C$3:$ZZ$2000,_xlpm.r,0),_xlpm.n,INT(COLUMNS(_xlpm.row)/2),_xlpm.p,_xlfn.CHOOSECOLS(_xlpm.row,_xlfn.SEQUENCE(,_xlpm.n,1,2)),IFERROR(MAX(_xlfn._xlws.FILTER(_xlpm.p,_xlpm.p<>"")),""))} -> 19994 | U29: {=_xlfn.LET(_xlpm.key,$B29&"|"&$C29,_xlpm.kdb,价格数据库!$A$3:$A$2000&"|"&价格数据库!$B$3:$B$2000,_xlpm.r,_xlfn.XMATCH(_xlpm.key,_xlpm.kdb,0),_xlpm.row,INDEX(价格数据库!$C$3:$ZZ$2000,_xlpm.r,0),_xlpm.n,INT(COLUMNS(_xlpm.row)/2),_xlpm.p,_xlfn.CHOOSECOLS(_xlpm.row,_xlfn.SEQUENCE(,_xlpm.n,1,2)),_xlpm.q,_xlfn.CHOOSECOLS(_xlpm.row,_xlfn.SEQUENCE(,_xlpm.n,2,2)),_xlpm.mx,IFERROR(MAX(_xlfn._xlws.FILTER(_xlpm.p,_xlpm.p<>"")),""),IF(_xlpm.mx="","",INDEX(_xlpm.q,_xlfn.XMATCH(_xlpm.mx,_xlpm.p,0,-1))))} -> 7
... B38: 拍拍 | C38: 武器 | D38: {=_xlfn.LET(_xlpm.key,$B38&"|"&$C38,_xlpm.kdb,价格数据库!$A$3:$A$2000&"|"&价格数据库!$B$3:$B$2000,_xlpm.r,_xlfn.XMATCH(_xlpm.key,_xlpm.kdb,0),_xlpm.row,INDEX(价格数据库!$C$3:$ZZ$2000,_xlpm.r,0),_xlpm.n,INT(COLUMNS(_xlpm.row)/2),_xlpm.p,_xlfn.CHOOSECOLS(_xlpm.row,_xlfn.SEQUENCE(,_xlpm.n,1,2)),IFERROR(LOOKUP(2,1/(_xlpm.p<>""),_xlpm.p),""))} -> 65000 | E38: {=_xlfn.LET(_xlpm.key,$B38&"|"&$C38,_xlpm.kdb,价格数据库!$A$3:$A$2000&"|"&价格数据库!$B$3:$B$2000,_xlpm.r,_xlfn.XMATCH(_xlpm.key,_xlpm.kdb,0),_xlpm.row,INDEX(价格数据库!$C$3:$ZZ$2000,_xlpm.r,0),_xlpm.n,INT(COLUMNS(_xlpm.row)/2),_xlpm.p,_xlfn.CHOOSECOLS(_xlpm.row,_xlfn.SEQUENCE(,_xlpm.n,1,2)),_xlpm.q,_xlfn.CHOOSECOLS(_xlpm.row,_xlfn.SEQUENCE(,_xlpm.n,2,2)),_xlpm.lp,IFERROR(LOOKUP(2,1/(_xlpm.p<>""),_xlpm.p),""),IF(_xlpm.lp="","",INDEX(_xlpm.q,_xlfn.XMATCH(_xlpm.lp,_xlpm.p,0,-1))))} -> 1 | F38: {=_xlfn.LET(_xlpm.key,$B38&"|"&$C38,_xlpm.kdb,价格数据库!$A:$A&"|"&价格数据库!$B:$B,_xlpm.r,_xlfn.XMATCH(_xlpm.key,_xlpm.kdb,0),_xlpm.row,INDEX(价格数据库!$C:$ZZ,_xlpm.r,0),_xlpm.n,INT(COLUMNS(_xlpm.row)/2),_xlpm.p,_xlfn.CHOOSECOLS(_xlpm.row,_xlfn.SEQUENCE(,_xlpm.n,1,2)),_xlpm.pos,_xlfn._xlws.FILTER(_xlfn.SEQUENCE(,COLUMNS(_xlpm.p)),_xlpm.p<>""),IFERROR(INDEX(_xlpm.p,1,INDEX(_xlpm.pos,1,COLUMNS(_xlpm.pos)-1)),""))} -> 65000 | G38: {=_xlfn.LET(_xlpm.key,$B38&"|"&$C38,_xlpm.kdb,价格数据库!$A:$A&"|"&价格数据库!$B:$B,_xlpm.r,_xlfn.XMATCH(_xlpm.key,_xlpm.kdb,0),_xlpm.row,INDEX(价格数据库!$C:$ZZ,_xlpm.r,0),_xlpm.n,INT(COLUMNS(_xlpm.row)/2),_xlpm.q,_xlfn.CHOOSECOLS(_xlpm.row,_xlfn.SEQUENCE(,_xlpm.n,2,2)),_xlpm.pos,_xlfn._xlws.FILTER(_xlfn.SEQUENCE(,COLUMNS(_xlpm.q)),_xlpm.q<>""),IFERROR(INDEX(_xlpm.q,1,INDEX(_xlpm.pos,1,COLUMNS(_xlpm.pos)-1)),""))} -> 1 | H38: {=_xlfn.LET(_xlpm.key,$B38&"|"&$C38,_xlpm.kdb,价格数据库!$A$3:$A$2000&"|"&价格数据库!$B$3:$B$2000,_xlpm.r,_xlfn.XMATCH(_xlpm.key,_xlpm.kdb,0),_xlpm.row,INDEX(价格数据库!$C$3:$ZZ$2000,_xlpm.r,0),_xlpm.n,INT(COLUMNS(_xlpm.row)/2),_xlpm.p,_xlfn.CHOOSECOLS(_xlpm.row,_xlfn.SEQUENCE(,_xlpm.n,1,2)),IFERROR(MIN(_xlfn._xlws.FILTER(_xlpm.p,_xlpm.p<>"")),""))} -> 65000 | I38: {=_xlfn.LET(_xlpm.key,$B38&"|"&$C38,_xlpm.kdb,价格数据库!$A$3:$A$2000&"|"&价格数据库!$B$3:$B$2000,_xlpm.r,_xlfn.XMATCH(_xlpm.key,_xlpm.kdb,0),_xlpm.row,INDEX(价格数据库!$C$3:$ZZ$2000,_xlpm.r,0),_xlpm.n,INT(COLUMNS(_xlpm.row)/2),_xlpm.p,_xlfn.CHOOSECOLS(_xlpm.row,_xlfn.SEQUENCE(,_xlpm.n,1,2)),_xlpm.q,_xlfn.CHOOSECOLS(_xlpm.row,_xlfn.SEQUENCE(,_xlpm.n,2,2)),_xlpm.mp,IFERROR(MIN(_xlfn._xlws.FILTER(_xlpm.p,_xlpm.p<>"")),""),IF(_xlpm.mp="","",INDEX(_xlpm.q,_xlfn.XMATCH(_xlpm.mp,_xlpm.p,0,-1))))} -> 1 | J38: =IF(D38=H38,"历史最低","") -> 历史最低 | K38: =(D38-H38)/H38 -> 0 | L38: =(E38-I38)/I38 -> 0 | M38: =IFERROR(L38/K38,"") | N38: =IF(M38="","",IF(M38>0,"只卖不买",IF(M38>-0.3,"只卖不买",IF(M38>=-1.5,"交易区",IF(M38>=-2.5,"谨慎","危险盘"))))) | O38: =(D38-F38)/F38 -> 0 | P38: =(E38-G38)/G38 -> 0 | Q38: =IFERROR(P38/O38,"") | R38: =IF(Q38="","",IF(Q38>0,"只卖不买",IF(Q38>-0.3,"只卖不买",IF(Q38>=-1.5,"交易区",IF(Q38>=-2.5,"谨慎","危险盘"))))) | S38: =IF(AND(N38="交易区",R38="交易区"),"双绿","") | T38: {=_xlfn.LET(_xlpm.key,$B38&"|"&$C38,_xlpm.kdb,价格数据库!$A$3:$A$2000&"|"&价格数据库!$B$3:$B$2000,_xlpm.r,_xlfn.XMATCH(_xlpm.key,_xlpm.kdb,0),_xlpm.row,INDEX(价格数据库!$C$3:$ZZ$2000,_xlpm.r,0),_xlpm.n,INT(COLUMNS(_xlpm.row)/2),_xlpm.p,_xlfn.CHOOSECOLS(_xlpm.row,_xlfn.SEQUENCE(,_xlpm.n,1,2)),IFERROR(MAX(_xlfn._xlws.FILTER(_xlpm.p,_xlpm.p<>"")),""))} -> 65000 | U38: {=_xlfn.LET(_xlpm.key,$B38&"|"&$C38,_xlpm.kdb,价格数据库!$A$3:$A$2000&"|"&价格数据库!$B$3:$B$2000,_xlpm.r,_xlfn.XMATCH(_xlpm.key,_xlpm.kdb,0),_xlpm.row,INDEX(价格数据库!$C$3:$ZZ$2000,_xlpm.r,0),_xlpm.n,INT(COLUMNS(_xlpm.row)/2),_xlpm.p,_xlfn.CHOOSECOLS(_xlpm.row,_xlfn.SEQUENCE(,_xlpm.n,1,2)),_xlpm.q,_xlfn.CHOOSECOLS(_xlpm.row,_xlfn.SEQUENCE(,_xlpm.n,2,2)),_xlpm.mx,IFERROR(MAX(_xlfn._xlws.FILTER(_xlpm.p,_xlpm.p<>"")),""),IF(_xlpm.mx="","",INDEX(_xlpm.q,_xlfn.XMATCH(_xlpm.mx,_xlpm.p,0,-1))))} -> 1

Sheet 价格数据库
C1: 20260113 | D1: 20260113 | E1: 20260118 | F1: 20260118 | G1: 20260122 | H1: 20260122 | I1: 20260125 | J1: 20260125 | K1: 20260129 | L1: 20260129 | M1: 20260201 | N1: 20260201 | O1: 20260204 | P1: 20260204 | Q1: 20260208 | R1: 20260208 | S1: 20260214 | T1: 20260214 | U1: 20260222 | V1: 20260222 | W1: 20260301 | X1: 20260301
A2: 英雄 | B2: 部位 | C2: 价格 | D2: 数量 | E2: 价格 | F2: 数量 | G2: 价格 | H2: 数量 | I2: 价格 | J2: 数量 | K2: 价格 | L2: 数量 | M2: 价格 | N2: 数量 | O2: 价格 | P2: 数量 | Q2: 价格 | R2: 数量 | S2: 价格 | T2: 数量 | U2: 价格 | V2: 数量 | W2: 价格 | X2: 数量 | Y2: 价格 | Z2: 数量 | AA2: 价格 | AB2: 数量 | AC2: 价格 | AD2: 数量 | AE2: 价格 | AF2: 数量 | AG2: 价格 | AH2: 数量 | AI2: 价格 | AJ2: 数量
A3: 斧王 | B3: 武器 | C3: 1833 | D3: 43 | E3: 1788 | F3: 43 | G3: 1947 | H3: 41 | I3: 1898 | J3: 40 | K3: 1870 | L3: 40 | M3: 1899 | N3: 41 | O3: 1859 | P3: 38 | Q3: 1700 | R3: 39 | S3: 1800 | T3: 41 | U3: 1749 | V3: 46 | W3: 1819 | X3: 44
A4: 小黑 | B4: 武器 | C4: 2139 | D4: 31 | E4: 2009 | F4: 30 | G4: 1999 | H4: 31 | I4: 1950 | J4: 32 | K4: 2050 | L4: 27 | M4: 2050 | N4: 28 | O4: 1960 | P4: 33 | Q4: 1880 | R4: 38 | S4: 1950 | T4: 34 | U4: 1954 | V4: 39 | W4: 1900 | X4: 39
A5: CK | B5: 坐骑 | C5: 1443 | D5: 45 | E5: 1445 | F5: 48 | G5: 1435 | H5: 46 | I5: 1434 | J5: 48 | K5: 1450 | L5: 46 | M5: 1500 | N5: 46 | O5: 1400 | P5: 52 | Q5: 1480 | R5: 45 | S5: 1650 | T5: 41 | U5: 1779 | V5: 40 | W5: 1550 | X5: 44
A6: 龙骑 | B6: 武器 | C6: 1900 | D6: 33 | E6: 1799 | F6: 38 | G6: 1950 | H6: 32 | I6: 1900 | J6: 39 | K6: 1996 | L6: 33 | M6: 1946 | N6: 35 | O6: 1888 | P6: 36 | Q6: 1860 | R6: 35 | S6: 1835 | T6: 37 | U6: 1929 | V6: 37 | W6: 1890 | X6: 36
A7: 大牛 | B7: 背部 | C7: 18888 | D7: 2 | E7: 18888 | F7: 2 | G7: 18888 | H7: 2 | I7: 18888 | J7: 2 | K7: 18888 | L7: 2 | M7: 18888 | N7: 2 | O7: 18888 | P7: 2 | Q7: 18888 | R7: 2 | S7: 18888 | T7: 1 | U7: 18888 | V7: 1 | W7: 18888 | X7: 1
A8: 小牛 | B8: 武器 | C8: 20499 | D8: 5 | E8: 20500 | F8: 4 | G8: 20500 | H8: 4 | I8: 20500 | J8: 4 | K8: 20500 | L8: 3 | M8: 18500 | N8: 4 | O8: 18000 | P8: 5 | Q8: 18000 | R8: 4 | S8: 17000 | T8: 3 | U8: 17000 | V8: 3 | W8: 24000 | X8: 2
A9: 屠夫 | B9: 面具 | C9: 23888 | D9: 7 | E9: 19999 | F9: 9 | G9: 21000 | H9: 9 | I9: 21000 | J9: 9 | K9: 21000 | L9: 9 | M9: 19999 | N9: 7 | O9: 19999 | P9: 8 | Q9: 19999 | R9: 8 | S9: 19996 | T9: 8 | U9: 19996 | V9: 8 | W9: 20555 | X9: 8
A10: 斯温 | B10: 武器 | C10: 50000 | D10: 1 | E10: 50000 | F10: 1 | G10: 50000 | H10: 1 | I10: 50000 | J10: 1 | K10: 50000 | L10: 1 | M10: 50000 | N10: 1 | O10: 50000 | P10: 1 | Q10: 50000 | R10: 1 | S10: 50000 | T10: 1 | U10: 50000 | V10: 1 | W10: 48888 | X10: 1
A11: 小小 | B11: 武器 | C11: 18888 | D11: 5 | E11: 16658 | F11: 7 | G11: 15500 | H11: 10 | I11: 15500 | J11: 9 | K11: 15999 | L11: 8 | M11: 15996 | N11: 8 | O11: 15000 | P11: 9 | Q11: 15888 | R11: 8 | S11: 15888 | T11: 7 | U11: 15000 | V11: 7 | W11: 22000 | X11: 5
A12: 海民 | B12: 副手 | C12: 1984 | D12: 30 | E12: 1995 | F12: 31 | G12: 2098 | H12: 26 | I12: 2200 | J12: 29 | K12: 2200 | L12: 28 | M12: 2198 | N12: 24 | O12: 2090 | P12: 31 | Q12: 1978 | R12: 37 | S12: 1895 | T12: 39 | U12: 1949 | V12: 32 | W12: 1800 | X12: 34
A13: 尸王 | B13: 召唤 | C13: 4998 | D13: 9 | E13: 4998 | F13: 11 | G13: 5299 | H13: 8 | I13: 5299 | J13: 9 | K13: 5500 | L13: 9 | M13: 5499 | N13: 11 | O13: 5499 | P13: 12 | Q13: 5100 | R13: 12 | S13: 4800 | T13: 13 | U13: 4555 | V13: 13 | W13: 4887 | X13: 11
A14: 火猫 | B14: 武器 | C14: 21000 | D14: 2 | E14: 21000 | F14: 2 | G14: 22222 | H14: 1 | I14: 20000 | J14: 2 | K14: 20000 | L14: 2 | M14: 19000 | N14: 3 | O14: 19000 | P14: 3 | Q14: 19000 | R14: 3 | S14: 20000 | T14: 2 | U14: 20000 | V14: 2 | W14: 20000 | X14: 2
... A36: 潮汐 | B36: 武器 | C36: 25000 | D36: 4 | E36: 25000 | F36: 4 | G36: 32500 | H36: 2 | I36: 32500 | J36: 3 | K36: 32500 | L36: 3 | M36: 32500 | N36: 3 | O36: 32500 | P36: 3 | Q36: 32500 | R36: 3 | S36: 32500 | T36: 3 | U36: 20000 | V36: 4 | W36: 32500 | X36: 3
